wall_time,elapsed_s,mode,roll_deg,pitch_deg,yaw_deg,speed_mps,accel_g,gyro_dps,stationary,ax_g,ay_g,az_g,gx_dps,gy_dps,gz_dps,alerts
1783262277.743,0.000,straight,-1.04,-0.54,-45.99,2.37,1.02,1.81,0,0.03,-0.03,1.02,-0.24,-0.30,1.77,
1783262277.761,0.018,straight,-1.05,-0.57,-45.95,2.36,1.03,2.46,0,0.03,-0.03,1.03,0.12,-0.61,2.38,
1783262277.781,0.038,straight,-1.05,-0.61,-45.89,2.36,1.03,3.31,0,0.03,-0.02,1.03,0.24,-1.40,2.99,
1783262277.801,0.058,straight,-1.06,-0.67,-45.82,2.36,1.03,3.68,0,0.03,-0.03,1.03,0.06,-1.77,3.23,
1783262277.821,0.078,straight,-1.08,-0.73,-45.76,2.36,1.03,3.51,0,0.04,-0.04,1.03,-0.12,-1.83,2.99,
1783262277.841,0.098,straight,-1.12,-0.79,-45.71,2.36,1.03,3.19,0,0.03,-0.05,1.03,-0.49,-2.07,2.38,
1783262277.861,0.118,straight,-1.17,-0.86,-45.67,2.36,1.03,3.30,0,0.03,-0.04,1.03,-0.73,-2.68,1.77,
1783262277.881,0.138,straight,-1.22,-0.94,-45.66,2.36,1.03,3.20,0,0.03,-0.05,1.02,-1.10,-2.87,0.91,
1783262277.901,0.158,straight,-1.29,-1.03,-45.65,2.36,1.02,3.48,0,0.04,-0.06,1.02,-1.28,-3.23,0.06,
1783262277.921,0.178,straight,-1.35,-1.11,-45.68,2.36,1.02,3.86,0,0.04,-0.06,1.02,-1.10,-3.48,-1.28,
1783262277.941,0.198,straight,-1.41,-1.20,-45.72,2.36,1.01,4.08,0,0.04,-0.06,1.01,-1.22,-3.29,-2.07,
1783262277.961,0.218,straight,-1.46,-1.30,-45.77,2.36,1.01,4.62,0,0.05,-0.05,1.01,-1.22,-3.41,-2.87,
1783262277.981,0.238,straight,-1.52,-1.40,-45.84,2.35,1.01,4.99,0,0.06,-0.05,1.00,-1.40,-3.35,-3.41,
1783262278.001,0.258,straight,-1.57,-1.49,-45.92,2.35,1.01,4.94,0,0.05,-0.05,1.01,-1.28,-2.74,-3.90,
1783262278.021,0.278,straight,-1.60,-1.57,-45.99,2.35,1.01,4.70,0,0.05,-0.04,1.01,-0.85,-2.56,-3.84,
1783262278.041,0.298,straight,-1.61,-1.65,-46.07,2.34,1.01,4.40,0,0.06,-0.03,1.01,-0.49,-2.20,-3.78,
1783262278.061,0.318,straight,-1.63,-1.72,-46.13,2.34,1.01,3.59,0,0.06,-0.03,1.01,-0.55,-1.59,-3.17,
1783262278.081,0.338,straight,-1.64,-1.79,-46.19,2.34,1.01,3.26,0,0.06,-0.03,1.01,-0.79,-1.04,-2.99,
1783262278.101,0.358,straight,-1.66,-1.82,-46.23,2.33,1.01,2.43,1,0.05,-0.03,1.01,-0.85,-0.61,-2.20,
1783262278.121,0.378,straight,-1.68,-1.85,-46.26,2.33,1.02,2.05,1,0.04,-0.04,1.02,-0.79,-1.04,-1.59,
1783262278.141,0.398,straight,-1.71,-1.89,-46.29,2.33,1.02,2.40,1,0.04,-0.04,1.02,-0.67,-1.83,-1.40,
1783262278.161,0.418,straight,-1.73,-1.96,-46.31,2.33,1.02,2.57,0,0.05,-0.04,1.02,-0.49,-2.13,-1.34,
1783262278.181,0.438,straight,-1.76,-2.03,-46.35,2.32,1.01,2.64,0,0.07,-0.05,1.01,-0.67,-1.95,-1.65,
1783262278.201,0.458,straight,-1.79,-2.08,-46.38,2.32,1.01,2.21,1,0.06,-0.04,1.01,-0.73,-1.28,-1.65,
1783262278.221,0.478,straight,-1.82,-2.12,-46.41,2.32,1.03,1.91,0,0.05,-0.05,1.02,-0.67,-1.04,-1.46,
1783262278.241,0.498,straight,-1.85,-2.17,-46.44,2.32,1.02,2.34,0,0.05,-0.05,1.02,-0.49,-1.71,-1.52,
1783262278.261,0.518,straight,-1.87,-2.23,-46.46,2.32,1.02,2.36,0,0.06,-0.04,1.01,-0.55,-1.77,-1.46,
1783262278.281,0.538,straight,-1.89,-2.29,-46.49,2.31,1.00,1.81,0,0.07,-0.04,1.00,-0.37,-1.16,-1.34,
1783262278.301,0.558,straight,-1.89,-2.32,-46.50,2.31,1.00,0.78,1,0.06,-0.04,1.00,-0.18,-0.18,-0.73,
1783262278.321,0.578,straight,-1.90,-2.34,-46.51,2.30,1.00,0.36,1,0.06,-0.04,1.00,0.00,0.18,-0.30,
1783262278.341,0.598,straight,-1.92,-2.35,-46.51,2.30,1.01,0.28,1,0.06,-0.05,1.01,0.06,0.24,-0.12,
1783262278.361,0.618,straight,-1.93,-2.36,-46.52,2.29,1.01,0.38,1,0.05,-0.05,1.01,0.18,0.30,-0.12,
1783262278.381,0.638,straight,-1.93,-2.38,-46.52,2.29,1.01,0.34,1,0.06,-0.04,1.01,0.24,0.24,0.00,
1783262278.401,0.658,straight,-1.94,-2.39,-46.52,2.29,1.01,0.69,0,0.07,-0.04,1.01,-0.12,0.67,-0.12,
1783262278.421,0.678,straight,-1.96,-2.39,-46.52,2.29,1.02,1.06,0,0.06,-0.05,1.02,-0.12,1.04,-0.18,
1783262278.441,0.698,straight,-1.97,-2.39,-46.52,2.29,1.02,0.88,1,0.05,-0.05,1.02,0.12,0.79,0.37,
1783262278.461,0.718,straight,-1.96,-2.40,-46.50,2.28,1.02,1.03,1,0.06,-0.04,1.02,0.55,0.55,0.67,
1783262278.481,0.738,straight,-1.96,-2.40,-46.48,2.28,1.01,1.31,1,0.06,-0.04,1.01,0.49,0.73,0.98,
1783262278.501,0.758,straight,-1.97,-2.40,-46.47,2.28,1.01,1.39,1,0.06,-0.05,1.01,0.37,1.16,0.67,
1783262278.521,0.778,straight,-1.98,-2.39,-46.47,2.27,1.02,1.20,1,0.05,-0.05,1.02,0.43,1.10,0.24,
1783262278.541,0.798,straight,-1.99,-2.38,-46.46,2.27,1.02,1.12,1,0.05,-0.05,1.02,0.67,0.79,0.43,
1783262278.561,0.818,straight,-1.98,-2.38,-46.45,2.27,1.02,0.92,1,0.05,-0.04,1.02,0.67,0.30,0.55,
1783262278.581,0.838,straight,-1.98,-2.39,-46.44,2.27,1.02,0.61,1,0.06,-0.04,1.02,0.55,0.12,0.24,
1783262278.601,0.858,straight,-1.98,-2.40,-46.44,2.27,1.02,0.60,1,0.05,-0.04,1.02,0.55,0.06,0.24,
1783262278.621,0.878,straight,-1.97,-2.42,-46.43,2.26,1.02,0.91,1,0.05,-0.04,1.02,0.61,-0.12,0.67,
1783262278.641,0.898,straight,-1.96,-2.43,-46.40,2.26,1.02,1.29,1,0.05,-0.04,1.02,0.67,-0.12,1.10,
1783262278.661,0.918,straight,-1.95,-2.44,-46.37,2.26,1.03,1.84,0,0.05,-0.04,1.02,0.73,-0.37,1.65,
1783262278.681,0.938,straight,-1.95,-2.46,-46.33,2.26,1.03,1.93,0,0.05,-0.04,1.02,0.55,-0.30,1.83,
1783262278.701,0.958,straight,-1.95,-2.47,-46.30,2.26,1.02,1.91,1,0.05,-0.04,1.02,0.37,-0.43,1.83,
1783262278.721,0.978,straight,-1.97,-2.49,-46.27,2.25,1.02,1.57,1,0.05,-0.05,1.01,0.12,-0.55,1.46,
1783262278.741,0.998,straight,-1.98,-2.52,-46.25,2.25,1.02,1.00,1,0.05,-0.05,1.01,0.06,-0.61,0.79,
1783262278.761,1.018,straight,-2.01,-2.54,-46.24,2.25,1.02,1.12,0,0.05,-0.06,1.02,0.06,-0.98,0.55,
1783262278.781,1.038,straight,-2.02,-2.56,-46.23,2.25,1.03,1.41,0,0.04,-0.05,1.03,0.18,-1.28,0.55,
1783262278.801,1.058,straight,-2.03,-2.60,-46.21,2.25,1.02,1.88,1,0.06,-0.04,1.02,0.43,-1.71,0.67,
1783262278.821,1.078,straight,-2.03,-2.65,-46.20,2.24,1.02,1.65,1,0.06,-0.05,1.01,0.18,-1.46,0.73,
1783262278.841,1.098,straight,-2.05,-2.68,-46.20,2.24,1.02,1.35,0,0.06,-0.06,1.02,0.18,-1.34,0.00,
1783262278.861,1.118,straight,-2.06,-2.72,-46.21,2.24,1.02,1.64,0,0.05,-0.05,1.02,0.49,-1.46,-0.55,
1783262278.881,1.138,straight,-2.05,-2.77,-46.21,2.24,1.02,2.10,1,0.06,-0.04,1.02,0.73,-1.95,-0.24,
1783262278.901,1.158,straight,-2.02,-2.82,-46.20,2.23,1.01,1.80,1,0.06,-0.03,1.01,0.73,-1.59,0.43,
1783262278.921,1.178,straight,-2.01,-2.85,-46.18,2.23,1.01,1.72,1,0.06,-0.03,1.01,0.49,-1.28,1.04,
1783262278.941,1.198,straight,-2.02,-2.89,-46.15,2.22,1.01,1.88,1,0.06,-0.05,1.01,0.49,-1.40,1.16,
1783262278.961,1.218,straight,-2.03,-2.92,-46.14,2.22,1.02,1.64,0,0.05,-0.06,1.01,0.49,-1.46,0.55,
1783262278.981,1.238,straight,-2.04,-2.96,-46.14,2.22,1.02,1.78,1,0.06,-0.05,1.01,0.49,-1.71,0.06,
1783262279.001,1.258,straight,-2.04,-3.00,-46.14,2.21,1.01,1.89,1,0.06,-0.05,1.01,0.61,-1.77,-0.24,
1783262279.021,1.278,straight,-2.04,-3.04,-46.15,2.21,1.02,1.63,1,0.06,-0.04,1.02,0.67,-1.40,-0.49,
1783262279.041,1.298,straight,-2.03,-3.08,-46.16,2.21,1.03,1.85,1,0.06,-0.04,1.02,0.73,-1.59,-0.61,
1783262279.061,1.318,straight,-2.02,-3.11,-46.17,2.21,1.02,2.06,1,0.06,-0.04,1.02,0.85,-1.83,-0.43,
1783262279.081,1.338,straight,-1.99,-3.16,-46.17,2.20,1.01,2.13,1,0.07,-0.03,1.01,1.10,-1.83,-0.06,
1783262279.101,1.358,straight,-1.98,-3.21,-46.17,2.20,1.01,1.73,1,0.07,-0.04,1.01,0.79,-1.52,0.18,
1783262279.121,1.378,straight,-1.98,-3.25,-46.16,2.20,1.01,1.31,1,0.07,-0.05,1.01,0.61,-1.16,0.00,
1783262279.141,1.398,straight,-1.99,-3.28,-46.17,2.19,1.01,1.08,1,0.07,-0.05,1.01,0.67,-0.73,-0.43,
1783262279.161,1.418,straight,-1.98,-3.29,-46.19,2.19,1.01,1.31,1,0.06,-0.04,1.01,0.79,-0.79,-0.67,
1783262279.181,1.438,straight,-1.95,-3.32,-46.20,2.18,1.01,1.77,1,0.06,-0.03,1.01,1.22,-1.10,-0.67,
1783262279.201,1.458,straight,-1.93,-3.35,-46.21,2.17,1.01,1.41,1,0.07,-0.03,1.01,0.91,-0.91,-0.55,
1783262279.221,1.478,straight,-1.90,-3.37,-46.20,2.17,1.01,0.95,1,0.07,-0.03,1.01,0.79,-0.49,0.18,
1783262279.241,1.498,straight,-1.88,-3.39,-46.19,2.17,1.02,1.05,1,0.07,-0.02,1.01,0.61,-0.30,0.79,
1783262279.261,1.518,straight,-1.87,-3.38,-46.16,2.16,1.01,1.52,1,0.06,-0.03,1.01,0.49,0.30,1.40,
1783262279.281,1.538,straight,-1.88,-3.37,-46.14,2.15,1.01,1.29,1,0.05,-0.04,1.01,0.43,0.37,1.16,
1783262279.301,1.558,straight,-1.89,-3.37,-46.13,2.15,1.01,0.68,1,0.06,-0.05,1.01,0.30,-0.06,0.61,
1783262279.321,1.578,straight,-1.90,-3.38,-46.12,2.15,1.01,0.40,1,0.06,-0.05,1.01,0.30,-0.18,0.18,
1783262279.341,1.598,straight,-1.91,-3.38,-46.12,2.14,1.01,0.14,1,0.06,-0.04,1.01,0.12,0.00,0.06,
1783262279.361,1.618,straight,-1.91,-3.38,-46.11,2.14,1.02,0.50,1,0.06,-0.04,1.02,0.24,0.24,0.37,
1783262279.381,1.638,straight,-1.91,-3.38,-46.10,2.14,1.02,1.00,1,0.06,-0.04,1.02,0.61,0.00,0.79,
1783262279.401,1.658,straight,-1.90,-3.39,-46.08,2.13,1.01,0.89,1,0.07,-0.03,1.01,0.37,0.18,0.79,
1783262279.421,1.678,straight,-1.91,-3.38,-46.07,0.00,1.01,0.83,1,0.06,-0.04,1.01,0.24,0.30,0.73,
1783262279.441,1.698,straight,-1.92,-3.37,-46.05,0.00,1.02,0.76,1,0.05,-0.05,1.02,0.30,0.18,0.67,
1783262279.461,1.718,straight,-1.92,-3.37,-46.05,0.00,1.02,0.64,1,0.06,-0.04,1.02,0.55,-0.12,0.30,
1783262279.481,1.738,straight,-1.91,-3.39,-46.04,0.00,1.02,0.48,1,0.07,-0.03,1.01,0.37,-0.24,0.18,
1783262279.501,1.758,straight,-1.90,-3.40,-46.03,0.00,1.01,0.80,1,0.07,-0.03,1.01,0.18,0.61,0.49,
1783262279.521,1.778,straight,-1.90,-3.38,-46.02,0.00,1.01,1.37,1,0.06,-0.04,1.01,0.30,0.98,0.91,
1783262279.541,1.798,straight,-1.92,-3.36,-46.00,0.00,1.02,1.25,1,0.06,-0.05,1.01,0.30,0.85,0.85,
1783262279.561,1.818,straight,-1.93,-3.35,-45.99,0.00,1.02,0.81,1,0.06,-0.05,1.01,0.43,0.49,0.49,
1783262279.581,1.838,straight,-1.94,-3.35,-46.00,0.00,1.01,0.79,1,0.06,-0.05,1.01,0.55,0.37,-0.43,
1783262279.601,1.858,straight,-1.94,-3.34,-46.02,0.00,1.01,1.19,1,0.07,-0.04,1.01,0.49,0.67,-0.85,
1783262279.621,1.878,straight,-1.93,-3.33,-46.03,0.00,1.02,0.97,1,0.06,-0.04,1.02,0.55,0.67,-0.43,
1783262279.641,1.898,straight,-1.91,-3.32,-46.03,0.00,1.02,0.78,1,0.06,-0.03,1.02,0.61,0.49,0.00,
1783262279.661,1.918,straight,-1.90,-3.32,-46.02,0.00,1.02,0.80,1,0.07,-0.03,1.01,0.67,0.37,0.24,
1783262279.681,1.938,straight,-1.89,-3.32,-46.02,0.00,1.02,1.06,1,0.07,-0.04,1.01,0.61,0.79,0.37,
1783262279.701,1.958,straight,-1.89,-3.31,-46.01,0.00,1.02,1.09,1,0.06,-0.04,1.02,0.67,0.85,0.12,
1783262279.721,1.978,straight,-1.88,-3.29,-46.01,0.00,1.02,0.96,1,0.06,-0.04,1.02,0.67,0.67,0.12,
1783262279.741,1.998,straight,-1.88,-3.28,-46.00,0.00,1.02,0.82,1,0.06,-0.04,1.02,0.55,0.49,0.37,
1783262279.761,2.018,straight,-1.87,-3.27,-45.99,0.00,1.01,0.78,1,0.06,-0.03,1.01,0.49,0.37,0.49,
1783262279.781,2.038,straight,-1.87,-3.28,-45.99,0.00,1.01,0.65,1,0.07,-0.04,1.01,0.49,0.30,0.30,
1783262279.801,2.058,straight,-1.86,-3.27,-45.99,0.00,1.02,0.76,1,0.06,-0.04,1.01,0.49,0.55,0.18,
1783262279.821,2.078,straight,-1.86,-3.27,-45.98,0.00,1.02,0.77,1,0.06,-0.04,1.02,0.49,0.55,0.24,
1783262279.841,2.098,straight,-1.86,-3.26,-45.97,0.00,1.02,0.79,1,0.06,-0.05,1.02,0.55,0.37,0.43,
1783262279.861,2.118,straight,-1.86,-3.24,-45.97,0.00,1.02,1.18,1,0.06,-0.05,1.01,0.79,0.79,0.37,
1783262279.881,2.138,straight,-1.87,-3.23,-45.96,0.00,1.01,1.05,1,0.06,-0.05,1.01,0.73,0.73,0.18,
1783262279.901,2.158,straight,-1.87,-3.23,-45.98,0.00,1.01,0.99,1,0.07,-0.04,1.01,0.49,0.61,-0.61,
1783262279.921,2.178,straight,-1.87,-3.22,-46.00,0.00,1.01,1.63,1,0.07,-0.04,1.01,0.55,0.85,-1.28,
1783262279.941,2.198,straight,-1.86,-3.21,-46.03,0.00,1.02,1.79,1,0.06,-0.04,1.02,0.55,0.98,-1.40,
1783262279.961,2.218,straight,-1.85,-3.18,-46.05,0.01,1.03,1.59,0,0.05,-0.04,1.03,1.04,0.79,-0.91,
1783262279.981,2.238,straight,-1.82,-3.19,-46.06,0.01,1.01,1.50,1,0.06,-0.03,1.01,1.46,-0.06,-0.30,
1783262280.001,2.258,straight,-1.79,-3.20,-46.06,0.01,1.01,1.26,1,0.07,-0.03,1.01,1.16,0.24,-0.43,
1783262280.021,2.278,straight,-1.77,-3.19,-46.08,0.01,1.02,1.55,1,0.06,-0.04,1.02,1.34,0.49,-0.61,
1783262280.041,2.298,straight,-1.75,-3.19,-46.09,0.01,1.02,1.62,1,0.05,-0.03,1.02,1.34,0.30,-0.85,
1783262280.061,2.318,straight,-1.70,-3.19,-46.10,0.02,1.02,1.62,1,0.06,-0.02,1.01,1.52,-0.12,-0.55,
1783262280.081,2.338,straight,-1.65,-3.21,-46.10,0.02,1.01,1.40,1,0.07,-0.01,1.01,1.34,0.12,0.37,
1783262280.101,2.358,straight,-1.62,-3.21,-46.07,0.02,1.01,1.70,1,0.07,-0.02,1.01,1.04,0.43,1.28,
1783262280.121,2.378,straight,-1.61,-3.21,-46.04,0.02,1.02,1.93,1,0.07,-0.03,1.01,0.79,0.61,1.65,
1783262280.141,2.398,straight,-1.61,-3.19,-46.01,0.03,1.01,1.88,1,0.05,-0.04,1.01,0.91,0.85,1.40,
1783262280.161,2.418,straight,-1.61,-3.17,-45.99,0.03,1.02,1.51,1,0.05,-0.04,1.01,1.04,0.61,0.91,
1783262280.181,2.438,straight,-1.59,-3.16,-45.99,0.03,1.02,1.29,1,0.06,-0.03,1.02,1.16,0.37,0.43,
1783262280.201,2.458,straight,-1.57,-3.16,-45.98,0.04,1.02,0.98,1,0.06,-0.03,1.02,0.98,0.00,0.12,
1783262280.221,2.478,straight,-1.55,-3.17,-45.98,0.04,1.02,0.67,1,0.06,-0.02,1.02,0.61,0.24,0.12,
1783262280.241,2.498,straight,-1.54,-3.16,-45.97,0.05,1.02,0.72,1,0.06,-0.02,1.02,0.43,0.49,0.30,
1783262280.261,2.518,straight,-1.53,-3.15,-45.96,0.05,1.01,0.90,1,0.06,-0.02,1.01,0.30,0.43,0.73,
1783262280.281,2.538,straight,-1.53,-3.15,-45.94,0.05,1.02,1.05,1,0.06,-0.03,1.02,0.18,0.49,0.91,
1783262280.301,2.558,straight,-1.53,-3.14,-45.92,0.05,1.02,1.01,1,0.06,-0.03,1.02,0.37,0.24,0.91,
1783262280.321,2.578,straight,-1.53,-3.14,-45.91,0.06,1.01,0.96,1,0.06,-0.04,1.01,0.55,0.30,0.73,
1783262280.341,2.598,straight,-1.54,-3.14,-45.90,0.06,1.01,0.78,1,0.06,-0.04,1.01,0.49,0.43,0.43,
1783262280.361,2.618,straight,-1.55,-3.13,-45.90,0.06,1.02,0.65,1,0.06,-0.04,1.02,0.49,0.43,0.06,
1783262280.381,2.638,straight,-1.55,-3.13,-45.90,0.07,1.02,0.36,1,0.05,-0.04,1.02,0.30,0.00,-0.18,
1783262280.401,2.658,straight,-1.55,-3.14,-45.91,0.07,1.02,0.67,1,0.06,-0.03,1.02,0.49,-0.18,-0.43,
1783262280.421,2.678,straight,-1.54,-3.15,-45.92,0.00,1.02,0.61,1,0.06,-0.03,1.02,0.43,-0.37,-0.24,
1783262280.441,2.698,straight,-1.52,-3.16,-45.91,0.00,1.02,0.41,1,0.06,-0.02,1.02,0.30,-0.24,0.12,
1783262280.461,2.718,straight,-1.51,-3.16,-45.90,0.00,1.01,0.74,1,0.06,-0.02,1.01,0.30,0.00,0.67,
1783262280.481,2.738,straight,-1.50,-3.17,-45.89,0.00,1.01,0.76,1,0.06,-0.03,1.01,0.18,0.12,0.73,
1783262280.501,2.758,straight,-1.51,-3.17,-45.86,0.00,1.01,1.18,1,0.06,-0.03,1.01,0.00,0.24,1.16,
1783262280.521,2.778,straight,-1.53,-3.16,-45.84,0.00,1.01,1.17,1,0.06,-0.04,1.01,-0.06,0.12,1.16,
1783262280.541,2.798,straight,-1.56,-3.16,-45.83,0.01,1.02,0.79,0,0.06,-0.06,1.02,0.18,0.24,0.73,
1783262280.561,2.818,straight,-1.58,-3.16,-45.82,0.01,1.02,0.48,1,0.06,-0.05,1.01,0.37,0.06,0.30,
1783262280.581,2.838,straight,-1.58,-3.17,-45.83,0.02,1.01,0.71,1,0.06,-0.04,1.01,0.37,-0.06,-0.61,
1783262280.601,2.858,straight,-1.59,-3.17,-45.86,0.02,1.02,1.23,1,0.06,-0.04,1.01,0.00,0.18,-1.22,
1783262280.621,2.878,straight,-1.60,-3.16,-45.89,0.02,1.01,1.63,1,0.05,-0.04,1.01,0.00,0.37,-1.59,
1783262280.641,2.898,straight,-1.60,-3.17,-45.92,0.02,1.01,1.72,1,0.06,-0.03,1.01,0.06,0.18,-1.71,
1783262280.661,2.918,straight,-1.59,-3.17,-45.95,0.02,1.01,1.40,1,0.07,-0.02,1.01,0.12,0.55,-1.28,
1783262280.681,2.938,straight,-1.58,-3.16,-45.96,0.02,1.01,1.13,1,0.06,-0.02,1.01,0.12,0.98,-0.55,
1783262280.701,2.958,straight,-1.58,-3.13,-45.96,0.02,1.02,1.30,1,0.05,-0.03,1.01,0.37,1.22,0.24,
1783262280.721,2.978,straight,-1.58,-3.11,-45.95,0.02,1.02,1.13,1,0.05,-0.04,1.02,0.49,0.85,0.55,
1783262280.741,2.998,straight,-1.59,-3.10,-45.94,0.03,1.03,0.61,0,0.05,-0.04,1.02,0.55,0.24,0.12,
1783262280.761,3.018,straight,-1.59,-3.10,-45.95,0.03,1.02,0.53,1,0.06,-0.03,1.02,0.43,-0.06,-0.30,
1783262280.781,3.038,straight,-1.59,-3.10,-45.96,0.04,1.02,0.78,1,0.06,-0.04,1.02,0.12,0.24,-0.73,
1783262280.801,3.058,straight,-1.60,-3.09,-45.98,0.04,1.03,0.72,0,0.05,-0.04,1.03,0.24,0.30,-0.61,
1783262280.821,3.078,straight,-1.59,-3.08,-45.98,0.05,1.03,0.71,0,0.04,-0.03,1.03,0.43,-0.37,-0.43,
1783262280.841,3.098,straight,-1.58,-3.09,-45.99,0.05,1.02,1.14,1,0.05,-0.02,1.02,0.67,-0.91,-0.06,
1783262280.861,3.118,straight,-1.57,-3.12,-45.99,0.05,1.01,1.00,1,0.06,-0.03,1.01,0.37,-0.91,-0.18,
1783262280.881,3.138,straight,-1.58,-3.14,-45.99,0.06,1.02,0.86,1,0.06,-0.04,1.01,0.24,-0.79,-0.24,
1783262280.901,3.158,straight,-1.58,-3.15,-45.99,0.06,1.02,0.72,1,0.05,-0.04,1.02,0.24,-0.67,-0.12,
1783262280.921,3.178,straight,-1.58,-3.16,-46.00,0.06,1.02,0.85,1,0.05,-0.03,1.02,0.43,-0.73,-0.06,
1783262280.941,3.198,straight,-1.57,-3.18,-46.00,0.06,1.01,1.07,1,0.06,-0.03,1.01,0.24,-1.04,-0.12,
1783262280.961,3.218,straight,-1.58,-3.20,-46.00,0.06,1.01,0.71,1,0.06,-0.04,1.01,-0.06,-0.61,-0.37,
1783262280.981,3.238,straight,-1.60,-3.22,-46.02,0.06,1.01,0.85,1,0.06,-0.04,1.01,-0.06,-0.43,-0.73,
1783262281.001,3.258,straight,-1.61,-3.23,-46.04,0.06,1.01,0.95,1,0.06,-0.04,1.01,0.18,-0.37,-0.85,
1783262281.021,3.278,straight,-1.61,-3.24,-46.05,0.07,1.02,0.95,1,0.06,-0.04,1.01,0.37,-0.18,-0.85,
1783262281.041,3.298,straight,-1.61,-3.25,-46.07,0.07,1.02,1.25,1,0.06,-0.04,1.02,0.43,-0.43,-1.10,
1783262281.061,3.318,straight,-1.61,-3.26,-46.10,0.07,1.01,1.47,1,0.06,-0.03,1.01,0.49,-0.37,-1.34,
1783262281.081,3.338,straight,-1.60,-3.27,-46.12,0.07,1.01,1.14,1,0.06,-0.03,1.01,0.30,-0.06,-1.10,
1783262281.101,3.358,straight,-1.60,-3.27,-46.15,0.07,1.01,1.19,1,0.06,-0.03,1.01,0.24,0.12,-1.16,
1783262281.121,3.378,straight,-1.60,-3.27,-46.17,0.07,1.02,1.38,1,0.06,-0.04,1.02,0.30,0.12,-1.34,
1783262281.141,3.398,straight,-1.59,-3.27,-46.20,0.08,1.02,1.47,1,0.06,-0.04,1.02,0.73,0.00,-1.28,
1783262281.161,3.418,straight,-1.57,-3.27,-46.22,0.08,1.01,1.53,1,0.06,-0.02,1.01,0.91,-0.12,-1.22,
1783262281.181,3.438,straight,-1.56,-3.27,-46.25,0.08,1.02,1.37,1,0.06,-0.03,1.01,0.73,0.06,-1.16,
1783262281.201,3.458,straight,-1.56,-3.26,-46.27,0.08,1.02,1.51,0,0.05,-0.04,1.02,0.55,0.12,-1.40,
1783262281.221,3.478,straight,-1.55,-3.26,-46.31,0.09,1.03,1.95,0,0.05,-0.03,1.03,0.98,-0.37,-1.65,
1783262281.241,3.498,straight,-1.50,-3.28,-46.34,0.09,1.02,1.96,1,0.06,-0.01,1.02,1.22,-0.61,-1.40,
1783262281.261,3.518,straight,-1.45,-3.29,-46.34,0.09,1.01,1.00,0,0.07,-0.00,1.01,0.91,-0.18,-0.37,
1783262281.281,3.538,straight,-1.42,-3.29,-46.33,0.09,1.01,0.86,1,0.06,-0.01,1.01,0.49,0.24,0.67,
1783262281.301,3.558,straight,-1.42,-3.28,-46.31,0.09,1.02,0.99,1,0.05,-0.03,1.02,0.37,0.12,0.91,
1783262281.321,3.578,straight,-1.44,-3.27,-46.30,0.10,1.02,1.02,0,0.04,-0.04,1.02,0.55,-0.61,0.61,
1783262281.341,3.598,straight,-1.44,-3.29,-46.30,0.10,1.01,1.24,1,0.06,-0.04,1.01,0.67,-1.04,0.12,
1783262281.361,3.618,straight,-1.45,-3.31,-46.30,0.10,1.01,0.95,1,0.07,-0.04,1.01,0.37,-0.73,-0.49,
1783262281.381,3.638,straight,-1.45,-3.32,-46.32,0.11,1.02,0.87,1,0.06,-0.04,1.02,0.18,-0.43,-0.73,
1783262281.401,3.658,straight,-1.45,-3.33,-46.34,0.11,1.02,1.11,1,0.06,-0.03,1.02,0.30,-0.55,-0.91,
1783262281.421,3.678,straight,-1.45,-3.35,-46.35,0.11,1.01,1.05,1,0.06,-0.03,1.01,0.43,-0.55,-0.79,
1783262281.441,3.698,straight,-1.43,-3.36,-46.36,0.11,1.01,0.83,1,0.07,-0.02,1.01,0.61,-0.37,-0.43,
1783262281.461,3.718,straight,-1.41,-3.37,-46.36,0.11,1.01,0.70,1,0.06,-0.02,1.00,0.67,0.00,0.18,
1783262281.481,3.738,straight,-1.40,-3.36,-46.35,0.11,1.01,1.00,1,0.06,-0.03,1.01,0.73,0.30,0.61,
1783262281.501,3.758,straight,-1.40,-3.35,-46.34,0.11,1.01,1.03,1,0.05,-0.03,1.01,0.85,0.30,0.49,
1783262281.521,3.778,straight,-1.39,-3.34,-46.33,0.11,1.01,1.10,1,0.05,-0.04,1.01,1.04,0.37,0.06,
1783262281.541,3.798,straight,-1.39,-3.33,-46.34,0.12,1.02,0.95,1,0.06,-0.04,1.02,0.79,0.43,-0.30,
1783262281.561,3.818,straight,-1.39,-3.33,-46.36,0.12,1.02,1.21,1,0.06,-0.03,1.02,0.67,0.43,-0.91,
1783262281.581,3.838,straight,-1.38,-3.32,-46.39,0.12,1.02,1.64,1,0.06,-0.03,1.01,0.61,0.43,-1.46,
1783262281.601,3.858,straight,-1.38,-3.30,-46.42,0.12,1.02,1.73,1,0.05,-0.03,1.02,0.55,0.61,-1.52,
1783262281.621,3.878,straight,-1.37,-3.28,-46.45,0.13,1.02,1.57,1,0.05,-0.03,1.02,0.61,0.55,-1.34,
1783262281.641,3.898,straight,-1.35,-3.27,-46.48,0.13,1.01,1.64,1,0.06,-0.03,1.01,0.73,0.43,-1.40,
1783262281.661,3.918,straight,-1.34,-3.27,-46.50,0.13,1.01,1.66,1,0.06,-0.02,1.01,0.85,0.49,-1.34,
1783262281.681,3.938,straight,-1.32,-3.26,-46.53,0.13,1.02,1.62,1,0.06,-0.02,1.01,0.61,0.67,-1.34,
1783262281.701,3.958,straight,-1.31,-3.24,-46.56,0.13,1.02,1.73,1,0.05,-0.02,1.02,0.79,0.85,-1.28,
1783262281.721,3.978,straight,-1.28,-3.23,-46.57,0.13,1.02,1.30,1,0.05,-0.02,1.01,0.91,0.37,-0.85,
1783262281.741,3.998,straight,-1.26,-3.22,-46.58,0.13,1.01,0.99,1,0.06,-0.02,1.01,0.61,0.61,-0.49,
1783262281.761,4.018,straight,-1.27,-3.21,-46.59,0.13,1.02,0.89,1,0.06,-0.04,1.02,0.43,0.61,-0.49,
1783262281.781,4.038,straight,-1.27,-3.19,-46.61,0.14,1.03,1.22,0,0.05,-0.04,1.02,0.79,0.37,-0.85,
1783262281.801,4.058,straight,-1.24,-3.19,-46.63,0.14,1.02,1.35,1,0.06,-0.02,1.02,0.85,0.12,-1.04,
1783262281.821,4.078,straight,-1.21,-3.20,-46.64,0.14,1.01,1.04,1,0.07,-0.01,1.01,0.79,0.06,-0.67,
1783262281.841,4.098,straight,-1.19,-3.20,-46.65,0.14,1.01,0.71,1,0.06,-0.02,1.01,0.61,0.37,-0.06,
1783262281.861,4.118,straight,-1.19,-3.19,-46.64,0.14,1.01,1.06,1,0.06,-0.03,1.01,0.61,0.79,0.37,
1783262281.881,4.138,straight,-1.18,-3.17,-46.63,0.14,1.01,1.36,1,0.05,-0.03,1.01,1.16,0.61,0.37,
1783262281.901,4.158,straight,-1.17,-3.16,-46.63,0.14,1.01,1.18,1,0.06,-0.03,1.01,0.98,0.67,0.00,
1783262281.921,4.178,straight,-1.15,-3.15,-46.64,0.14,1.01,1.21,1,0.06,-0.02,1.01,0.79,0.73,-0.55,
1783262281.941,4.198,straight,-1.14,-3.14,-46.66,0.14,1.02,1.23,1,0.06,-0.02,1.02,0.49,0.91,-0.67,
1783262281.961,4.218,straight,-1.13,-3.12,-46.67,0.15,1.02,1.27,1,0.06,-0.02,1.02,0.55,1.04,-0.49,
1783262281.981,4.238,straight,-1.12,-3.10,-46.67,0.15,1.02,1.02,1,0.05,-0.02,1.02,0.55,0.85,-0.06,
1783262282.001,4.258,straight,-1.11,-3.09,-46.67,0.15,1.01,1.12,1,0.06,-0.02,1.01,0.55,0.98,0.00,
1783262282.021,4.278,straight,-1.10,-3.07,-46.67,0.15,1.01,1.12,1,0.06,-0.02,1.01,0.55,0.98,0.06,
1783262282.041,4.298,straight,-1.09,-3.04,-46.67,0.15,1.02,1.15,1,0.05,-0.02,1.02,0.30,1.10,0.12,
1783262282.061,4.318,straight,-1.09,-3.02,-46.66,0.16,1.02,1.24,1,0.05,-0.03,1.02,0.55,1.10,0.18,
1783262282.081,4.338,straight,-1.09,-3.00,-46.66,0.16,1.02,0.95,1,0.05,-0.03,1.02,0.37,0.79,0.37,
1783262282.101,4.358,straight,-1.09,-2.99,-46.66,0.16,1.02,0.48,1,0.05,-0.02,1.02,0.30,0.37,0.00,
1783262282.121,4.378,straight,-1.09,-2.98,-46.66,0.17,1.02,0.54,1,0.05,-0.02,1.02,0.30,0.37,-0.24,
1783262282.141,4.398,straight,-1.08,-2.97,-46.67,0.17,1.02,0.48,1,0.05,-0.02,1.02,0.24,0.37,-0.18,
1783262282.161,4.418,straight,-1.07,-2.97,-46.66,0.18,1.02,0.58,1,0.05,-0.01,1.02,0.43,-0.12,0.37,
1783262282.181,4.438,straight,-1.06,-2.98,-46.64,0.18,1.02,1.07,1,0.06,-0.02,1.02,0.43,-0.37,0.91,
1783262282.201,4.458,straight,-1.06,-3.00,-46.62,0.18,1.02,1.09,1,0.06,-0.02,1.02,0.30,-0.37,0.98,
1783262282.221,4.478,straight,-1.07,-3.01,-46.60,0.18,1.01,1.17,1,0.06,-0.03,1.01,0.18,0.00,1.16,
1783262282.241,4.498,straight,-1.08,-3.00,-46.59,0.00,1.01,0.63,1,0.05,-0.03,1.01,0.00,0.30,0.55,
1783262282.261,4.518,straight,-1.09,-3.00,-46.58,0.00,1.02,0.23,1,0.05,-0.03,1.02,-0.06,0.12,0.18,
1783262282.281,4.538,straight,-1.10,-3.00,-46.58,0.01,1.03,0.63,0,0.05,-0.03,1.03,0.30,-0.55,0.00,
1783262282.301,4.558,straight,-1.09,-3.03,-46.58,0.01,1.02,1.20,1,0.06,-0.02,1.02,0.43,-1.10,0.24,
1783262282.321,4.578,straight,-1.09,-3.06,-46.57,0.01,1.01,0.86,1,0.06,-0.02,1.01,-0.12,-0.73,0.43,
1783262282.341,4.598,straight,-1.11,-3.06,-46.56,0.01,1.02,0.48,1,0.06,-0.03,1.02,-0.06,-0.30,0.37,
1783262282.361,4.618,straight,-1.12,-3.07,-46.56,0.02,1.03,0.51,0,0.05,-0.03,1.02,0.12,-0.49,-0.06,
1783262282.381,4.638,straight,-1.11,-3.09,-46.56,0.02,1.03,1.14,1,0.05,-0.02,1.02,0.30,-1.10,0.00,
1783262282.401,4.658,straight,-1.09,-3.13,-46.55,0.03,1.01,1.77,1,0.06,-0.01,1.01,0.24,-1.65,0.61,
1783262282.421,4.678,straight,-1.08,-3.17,-46.53,0.03,1.01,1.69,1,0.07,-0.01,1.01,0.06,-1.28,1.10,
1783262282.441,4.698,straight,-1.10,-3.20,-46.50,0.03,1.01,1.48,1,0.07,-0.03,1.01,-0.12,-0.91,1.16,
1783262282.461,4.718,straight,-1.12,-3.22,-46.48,0.03,1.02,1.32,1,0.06,-0.04,1.01,0.18,-0.79,1.04,
1783262282.481,4.738,straight,-1.13,-3.23,-46.47,0.04,1.02,1.08,1,0.05,-0.03,1.02,0.06,-0.79,0.73,
1783262282.501,4.758,straight,-1.14,-3.25,-46.47,0.04,1.02,1.32,1,0.06,-0.02,1.01,-0.30,-1.28,0.00,
1783262282.521,4.778,straight,-1.15,-3.28,-46.47,0.04,1.02,1.31,1,0.06,-0.02,1.01,-0.30,-1.22,-0.37,
1783262282.541,4.798,straight,-1.15,-3.31,-46.48,0.04,1.02,1.25,1,0.06,-0.02,1.02,-0.18,-1.22,-0.18,
1783262282.561,4.818,straight,-1.15,-3.34,-46.47,0.04,1.02,1.41,1,0.06,-0.01,1.02,-0.06,-1.34,0.43,
1783262282.581,4.838,straight,-1.14,-3.37,-46.43,0.05,1.02,2.02,1,0.07,-0.00,1.02,-0.30,-1.22,1.59,
1783262282.601,4.858,straight,-1.14,-3.39,-46.39,0.05,1.02,2.60,1,0.06,-0.01,1.02,-0.55,-1.04,2.32,
1783262282.621,4.878,straight,-1.17,-3.41,-46.34,0.05,1.01,2.80,1,0.06,-0.03,1.01,-0.73,-1.16,2.44,
1783262282.641,4.898,straight,-1.21,-3.42,-46.30,0.05,1.01,2.40,1,0.06,-0.04,1.01,-0.67,-1.22,1.95,
1783262282.661,4.918,straight,-1.25,-3.45,-46.28,0.06,1.01,1.76,1,0.06,-0.05,1.00,-0.61,-1.28,1.04,
1783262282.681,4.938,straight,-1.29,-3.47,-46.28,0.06,1.01,1.01,1,0.06,-0.04,1.00,-0.61,-0.79,-0.12,
1783262282.701,4.958,straight,-1.32,-3.48,-46.31,0.06,1.02,1.73,1,0.06,-0.04,1.01,-0.85,-0.67,-1.34,
1783262282.721,4.978,straight,-1.34,-3.49,-46.34,0.07,1.02,2.18,1,0.06,-0.03,1.02,-0.79,-0.73,-1.89,
1783262282.741,4.998,straight,-1.35,-3.52,-46.38,0.07,1.03,2.30,1,0.06,-0.02,1.02,-0.61,-1.16,-1.89,
1783262282.761,5.018,straight,-1.35,-3.55,-46.40,0.07,1.02,1.54,1,0.07,-0.02,1.02,-0.55,-1.16,-0.85,
1783262282.781,5.038,straight,-1.36,-3.58,-46.40,0.07,1.01,1.15,1,0.07,-0.02,1.01,-0.49,-1.04,-0.12,
1783262282.801,5.058,straight,-1.36,-3.60,-46.40,0.07,1.01,0.68,1,0.07,-0.02,1.01,-0.24,-0.61,0.18,
1783262282.821,5.078,straight,-1.36,-3.61,-46.39,0.00,1.01,0.65,1,0.07,-0.02,1.01,-0.18,-0.55,0.30,
1783262282.841,5.098,straight,-1.36,-3.61,-46.38,0.00,1.01,0.84,1,0.06,-0.01,1.01,-0.49,-0.30,0.61,
1783262282.861,5.118,straight,-1.36,-3.62,-46.35,0.00,1.02,1.37,1,0.06,-0.01,1.01,-0.73,-0.37,1.10,
1783262282.881,5.138,straight,-1.37,-3.62,-46.33,0.00,1.02,1.73,1,0.06,-0.02,1.02,-0.85,-0.37,1.46,
1783262282.901,5.158,straight,-1.40,-3.63,-46.29,0.00,1.02,2.26,1,0.06,-0.03,1.02,-1.04,-0.49,1.95,
1783262282.921,5.178,straight,-1.45,-3.64,-46.25,0.00,1.02,2.43,1,0.06,-0.05,1.01,-1.22,-0.79,1.95,
1783262282.941,5.198,straight,-1.51,-3.65,-46.21,0.01,1.02,2.12,0,0.06,-0.06,1.01,-1.16,-0.79,1.59,
1783262282.961,5.218,straight,-1.55,-3.67,-46.20,0.01,1.01,1.23,0,0.07,-0.05,1.01,-0.61,-0.91,0.55,
1783262282.981,5.238,straight,-1.58,-3.69,-46.21,0.01,1.00,0.80,1,0.08,-0.04,1.00,-0.61,-0.18,-0.49,
1783262283.001,5.258,straight,-1.59,-3.69,-46.22,0.01,1.00,0.92,1,0.07,-0.03,1.00,-0.61,0.43,-0.55,
1783262283.021,5.278,straight,-1.59,-3.67,-46.22,0.01,1.01,0.96,1,0.06,-0.03,1.01,-0.43,0.85,0.06,
1783262283.041,5.298,straight,-1.60,-3.65,-46.21,0.01,1.02,1.17,1,0.06,-0.03,1.01,-0.06,0.91,0.73,
1783262283.061,5.318,straight,-1.61,-3.64,-46.18,0.02,1.02,1.31,1,0.06,-0.04,1.01,0.24,0.43,1.22,
1783262283.081,5.338,straight,-1.61,-3.64,-46.16,0.02,1.01,1.38,1,0.07,-0.03,1.01,0.49,0.12,1.28,
1783262283.101,5.358,straight,-1.59,-3.64,-46.13,0.02,1.02,1.64,1,0.07,-0.03,1.01,0.61,0.43,1.46,
1783262283.121,5.378,straight,-1.59,-3.62,-46.09,0.02,1.02,2.09,1,0.06,-0.03,1.02,0.55,0.85,1.83,
1783262283.141,5.398,straight,-1.59,-3.60,-46.06,0.02,1.02,2.06,1,0.06,-0.04,1.02,0.61,0.73,1.83,
1783262283.161,5.418,straight,-1.59,-3.59,-46.03,0.03,1.02,1.57,1,0.06,-0.04,1.02,0.61,0.37,1.40,
1783262283.181,5.438,straight,-1.60,-3.58,-46.01,0.03,1.02,1.16,1,0.06,-0.04,1.02,0.49,0.61,0.85,
1783262283.201,5.458,straight,-1.61,-3.57,-46.00,0.04,1.02,0.86,1,0.06,-0.04,1.02,0.37,0.61,0.49,
1783262283.221,5.478,straight,-1.61,-3.55,-46.00,0.04,1.01,0.76,1,0.06,-0.04,1.01,0.30,0.55,0.43,
1783262283.241,5.498,straight,-1.61,-3.54,-45.99,0.04,1.02,0.73,1,0.06,-0.04,1.01,0.37,0.55,0.30,
1783262283.261,5.518,straight,-1.61,-3.52,-45.99,0.04,1.02,0.74,1,0.06,-0.04,1.02,0.55,0.49,0.12,
1783262283.281,5.538,straight,-1.61,-3.52,-45.99,0.05,1.02,0.56,1,0.07,-0.04,1.02,0.49,0.12,-0.24,
1783262283.301,5.558,straight,-1.60,-3.53,-46.00,0.05,1.02,0.58,1,0.07,-0.03,1.02,0.49,0.18,-0.24,
1783262283.321,5.578,straight,-1.59,-3.52,-45.99,0.05,1.02,0.59,1,0.07,-0.03,1.01,0.37,0.43,0.18,
1783262283.341,5.598,straight,-1.59,-3.51,-45.98,0.05,1.02,0.80,1,0.06,-0.03,1.02,0.30,0.43,0.61,
1783262283.361,5.618,straight,-1.58,-3.50,-45.97,0.06,1.02,1.03,1,0.06,-0.03,1.02,0.55,0.37,0.79,
1783262283.381,5.638,straight,-1.58,-3.50,-45.96,0.06,1.02,0.57,1,0.06,-0.03,1.01,0.37,0.06,0.43,
1783262283.401,5.658,straight,-1.58,-3.50,-45.96,0.06,1.01,0.32,1,0.06,-0.03,1.01,0.30,0.06,0.06,
1783262283.421,5.678,straight,-1.58,-3.50,-45.96,0.00,1.01,0.32,1,0.07,-0.03,1.01,0.30,0.06,0.06,
1783262283.441,5.698,straight,-1.58,-3.50,-45.95,0.00,1.02,0.48,1,0.06,-0.03,1.02,0.24,0.18,0.37,
1783262283.461,5.718,straight,-1.58,-3.50,-45.94,0.00,1.02,0.50,1,0.07,-0.03,1.02,0.18,0.18,0.43,
1783262283.481,5.738,straight,-1.59,-3.50,-45.93,0.00,1.02,0.30,1,0.06,-0.03,1.02,-0.12,0.12,0.24,
1783262283.501,5.758,straight,-1.61,-3.48,-45.94,0.01,1.02,0.57,0,0.05,-0.04,1.02,-0.37,0.06,-0.43,
1783262283.521,5.778,straight,-1.61,-3.48,-45.95,0.01,1.03,0.58,0,0.05,-0.03,1.02,-0.30,-0.43,-0.24,
1783262283.541,5.798,straight,-1.60,-3.50,-45.94,0.01,1.02,0.96,1,0.06,-0.01,1.02,-0.37,-0.85,0.24,
1783262283.561,5.818,straight,-1.59,-3.52,-45.92,0.02,1.01,1.45,1,0.07,-0.01,1.01,-0.55,-0.67,1.16,
1783262283.581,5.838,straight,-1.60,-3.54,-45.88,0.02,1.01,2.18,1,0.07,-0.02,1.01,-0.91,-0.30,1.95,
1783262283.601,5.858,straight,-1.64,-3.54,-45.84,0.02,1.02,2.22,1,0.06,-0.05,1.01,-0.79,-0.12,2.07,
1783262283.621,5.878,straight,-1.69,-3.54,-45.80,0.02,1.01,1.97,0,0.06,-0.06,1.01,-0.73,-0.06,1.83,
1783262283.641,5.898,straight,-1.74,-3.54,-45.79,0.03,1.01,0.96,0,0.06,-0.06,1.01,-0.49,-0.24,0.79,
1783262283.661,5.918,straight,-1.77,-3.54,-45.79,0.03,1.01,0.77,1,0.06,-0.05,1.00,-0.61,-0.18,-0.43,
1783262283.681,5.938,straight,-1.79,-3.55,-45.83,0.03,1.02,1.68,1,0.07,-0.04,1.01,-0.55,0.06,-1.59,
1783262283.701,5.958,straight,-1.79,-3.55,-45.86,0.03,1.03,1.93,0,0.06,-0.02,1.03,-0.61,0.06,-1.83,
1783262283.721,5.978,straight,-1.77,-3.55,-45.88,0.04,1.03,0.84,0,0.06,-0.01,1.03,-0.49,-0.12,-0.67,
1783262283.741,5.998,straight,-1.75,-3.57,-45.85,0.04,1.02,1.42,0,0.07,-0.01,1.02,-0.37,-0.73,1.16,
1783262283.761,6.018,straight,-1.74,-3.58,-45.79,0.04,1.02,3.38,0,0.07,-0.01,1.01,-0.55,-0.55,3.29,
1783262283.781,6.038,straight,-1.74,-3.59,-45.69,0.04,1.01,4.85,0,0.06,-0.02,1.01,-0.18,-0.49,4.82,
1783262283.801,6.058,straight,-1.76,-3.58,-45.58,0.04,1.01,5.64,0,0.05,-0.03,1.01,-0.18,-0.55,5.61,
1783262283.821,6.078,straight,-1.77,-3.59,-45.46,0.05,1.01,5.70,0,0.05,-0.04,1.01,0.43,-0.91,5.61,
1783262283.841,6.098,straight,-1.79,-3.60,-45.36,0.05,1.02,5.20,0,0.06,-0.05,1.02,0.24,-1.16,5.06,
1783262283.861,6.118,straight,-1.82,-3.64,-45.27,0.05,1.02,4.44,0,0.07,-0.06,1.01,-0.06,-1.22,4.27,
1783262283.881,6.138,straight,-1.87,-3.66,-45.21,0.06,1.02,3.30,0,0.08,-0.06,1.01,-0.43,-0.79,3.17,
1783262283.901,6.158,straight,-1.92,-3.67,-45.17,0.06,1.02,2.18,0,0.07,-0.06,1.01,-0.67,-0.12,2.07,
1783262283.921,6.178,straight,-1.96,-3.66,-45.15,0.07,1.02,1.05,0,0.06,-0.06,1.01,-0.37,0.12,0.98,
1783262283.941,6.198,straight,-1.98,-3.66,-45.15,0.07,1.02,0.17,1,0.06,-0.05,1.01,0.00,-0.12,0.12,
1783262283.961,6.218,straight,-1.98,-3.66,-45.15,0.07,1.02,0.31,1,0.06,-0.04,1.01,0.24,-0.18,-0.06,
1783262283.981,6.238,straight,-1.98,-3.67,-45.15,0.07,1.01,0.45,1,0.07,-0.04,1.01,0.30,-0.30,0.12,
1783262284.001,6.258,straight,-1.97,-3.68,-45.13,0.07,1.01,0.85,1,0.07,-0.03,1.00,0.30,-0.06,0.79,
1783262284.021,6.278,straight,-1.97,-3.67,-45.10,0.07,1.02,1.56,1,0.06,-0.04,1.02,0.49,0.24,1.46,
1783262284.041,6.298,straight,-1.96,-3.66,-45.06,0.07,1.02,2.06,1,0.06,-0.04,1.01,0.79,0.18,1.89,
1783262284.061,6.318,straight,-1.96,-3.66,-45.03,0.07,1.02,1.83,1,0.07,-0.04,1.01,0.67,0.00,1.71,
1783262284.081,6.338,straight,-1.96,-3.66,-45.00,0.08,1.02,1.47,1,0.07,-0.05,1.02,0.37,0.24,1.40,
1783262284.101,6.358,straight,-1.98,-3.65,-44.99,0.08,1.02,0.77,0,0.06,-0.05,1.02,0.37,0.30,0.61,
1783262284.121,6.378,straight,-1.99,-3.65,-44.98,0.09,1.02,0.34,1,0.06,-0.05,1.02,0.24,0.00,0.24,
1783262284.141,6.398,straight,-1.98,-3.66,-44.98,0.09,1.02,0.50,1,0.07,-0.03,1.01,0.24,-0.37,0.24,
1783262284.161,6.418,straight,-1.98,-3.66,-44.96,0.09,1.01,0.92,1,0.07,-0.03,1.01,0.12,-0.06,0.91,
1783262284.181,6.438,straight,-1.97,-3.66,-44.93,0.09,1.01,1.49,1,0.07,-0.04,1.01,0.49,0.12,1.40,
1783262284.201,6.458,straight,-1.98,-3.66,-44.91,0.09,1.02,1.21,1,0.06,-0.05,1.01,0.49,0.18,1.10,
1783262284.221,6.478,straight,-1.99,-3.65,-44.91,0.09,1.02,0.46,1,0.06,-0.05,1.02,0.43,0.00,0.18,
1783262284.241,6.498,straight,-2.00,-3.65,-44.92,0.10,1.02,0.58,1,0.06,-0.05,1.01,0.30,0.06,-0.49,
1783262284.261,6.518,straight,-2.01,-3.65,-44.93,0.10,1.01,0.74,1,0.06,-0.04,1.01,-0.12,0.06,-0.73,
1783262284.281,6.538,straight,-2.02,-3.65,-44.94,0.10,1.02,0.68,1,0.06,-0.04,1.02,-0.24,0.18,-0.61,
1783262284.301,6.558,straight,-2.02,-3.64,-44.95,0.11,1.02,0.51,1,0.07,-0.04,1.02,-0.06,0.12,-0.49,
1783262284.321,6.578,straight,-2.02,-3.64,-44.96,0.11,1.02,0.58,1,0.07,-0.03,1.01,0.18,0.24,-0.49,
1783262284.341,6.598,straight,-2.01,-3.64,-44.97,0.11,1.02,0.41,1,0.07,-0.03,1.01,0.12,0.30,-0.24,
1783262284.361,6.618,straight,-2.02,-3.64,-44.97,0.11,1.02,0.27,1,0.07,-0.04,1.02,0.00,0.24,-0.12,
1783262284.381,6.638,straight,-2.02,-3.64,-44.97,0.11,1.02,0.36,1,0.06,-0.04,1.02,0.06,0.18,0.30,
1783262284.401,6.658,straight,-2.03,-3.63,-44.96,0.12,1.02,0.31,1,0.06,-0.04,1.01,-0.06,0.00,0.30,
1783262284.421,6.678,straight,-2.04,-3.63,-44.95,0.12,1.02,0.48,1,0.06,-0.04,1.01,0.18,-0.24,0.37,
1783262284.441,6.698,straight,-2.04,-3.65,-44.95,0.12,1.02,0.44,1,0.07,-0.04,1.02,0.00,-0.43,-0.12,
1783262284.461,6.718,straight,-2.04,-3.66,-44.96,0.12,1.02,0.45,1,0.07,-0.03,1.02,-0.06,-0.43,-0.12,
1783262284.481,6.738,straight,-2.05,-3.66,-44.96,0.13,1.02,0.23,1,0.07,-0.04,1.02,-0.12,-0.18,-0.06,
1783262284.501,6.758,straight,-2.04,-3.66,-44.95,0.12,1.02,0.55,1,0.06,-0.03,1.01,0.24,-0.06,0.49,
1783262284.521,6.778,straight,-2.03,-3.66,-44.92,0.12,1.02,1.49,1,0.06,-0.04,1.02,0.49,0.06,1.40,
1783262284.541,6.798,straight,-2.02,-3.66,-44.88,0.13,1.02,1.97,1,0.06,-0.04,1.02,0.67,-0.30,1.83,
1783262284.561,6.818,straight,-2.02,-3.66,-44.84,0.00,1.01,2.24,1,0.06,-0.04,1.01,0.85,-0.49,2.01,
1783262284.581,6.838,straight,-2.01,-3.68,-44.80,0.00,1.01,2.24,1,0.07,-0.04,1.01,0.73,-0.67,2.01,
1783262284.601,6.858,straight,-2.01,-3.69,-44.76,0.00,1.01,2.06,1,0.07,-0.04,1.01,0.85,-0.43,1.83,
1783262284.621,6.878,straight,-2.00,-3.69,-44.73,0.00,1.01,1.67,1,0.07,-0.04,1.01,0.67,-0.12,1.52,
1783262284.641,6.898,straight,-2.00,-3.69,-44.70,0.00,1.02,1.69,1,0.06,-0.05,1.02,0.73,-0.06,1.52,
1783262284.661,6.918,straight,-1.99,-3.70,-44.67,0.00,1.02,1.82,1,0.07,-0.04,1.02,0.79,-0.43,1.59,
1783262284.681,6.938,straight,-1.99,-3.71,-44.63,0.00,1.01,1.99,1,0.07,-0.04,1.01,0.67,-0.43,1.83,
1783262284.701,6.958,straight,-1.99,-3.71,-44.60,0.00,1.01,1.87,1,0.06,-0.05,1.01,0.73,-0.18,1.71,
1783262284.721,6.978,straight,-1.99,-3.70,-44.57,0.00,1.02,1.75,1,0.06,-0.05,1.01,0.85,0.06,1.52,
1783262284.741,6.998,straight,-1.98,-3.70,-44.54,0.00,1.02,1.72,1,0.06,-0.04,1.02,1.16,-0.37,1.22,
1783262284.761,7.018,straight,-1.97,-3.70,-44.52,0.00,1.02,1.42,1,0.06,-0.04,1.02,0.79,-0.43,1.10,
1783262284.781,7.038,straight,-1.96,-3.71,-44.50,0.00,1.01,1.52,1,0.06,-0.04,1.01,0.61,-0.67,1.22,
1783262284.801,7.058,straight,-1.97,-3.73,-44.47,0.00,1.01,1.75,1,0.06,-0.05,1.01,0.61,-0.85,1.40,
1783262284.821,7.078,straight,-1.98,-3.74,-44.45,0.00,1.01,1.36,1,0.07,-0.05,1.01,0.73,-0.61,0.98,
1783262284.841,7.098,straight,-1.98,-3.75,-44.44,0.00,1.01,0.91,1,0.07,-0.05,1.01,0.79,-0.24,0.37,
1783262284.861,7.118,straight,-1.98,-3.76,-44.45,0.00,1.01,0.80,1,0.07,-0.04,1.01,0.67,-0.12,-0.43,
1783262284.881,7.138,straight,-1.98,-3.76,-44.47,0.00,1.02,1.04,1,0.07,-0.04,1.01,0.37,0.00,-0.98,
1783262284.901,7.158,straight,-1.99,-3.75,-44.49,0.00,1.02,1.23,1,0.06,-0.05,1.02,0.18,0.37,-1.16,
1783262284.921,7.178,straight,-1.99,-3.74,-44.51,0.00,1.02,1.07,1,0.06,-0.04,1.02,0.24,-0.12,-1.04,
1783262284.941,7.198,straight,-1.98,-3.76,-44.53,0.00,1.02,1.23,1,0.07,-0.04,1.02,0.61,-0.43,-0.98,
1783262284.961,7.218,straight,-1.97,-3.76,-44.56,0.00,1.01,1.27,1,0.07,-0.04,1.01,0.49,-0.18,-1.16,
1783262284.981,7.238,straight,-1.96,-3.77,-44.57,0.00,1.02,1.13,1,0.07,-0.04,1.01,0.55,-0.12,-0.98,
1783262285.001,7.258,straight,-1.95,-3.77,-44.59,0.00,1.01,0.79,1,0.06,-0.04,1.01,0.49,-0.12,-0.61,
1783262285.021,7.278,straight,-1.93,-3.77,-44.60,0.00,1.02,0.92,1,0.06,-0.03,1.02,0.55,-0.49,-0.55,
1783262285.041,7.298,straight,-1.92,-3.78,-44.61,0.00,1.02,1.10,1,0.07,-0.04,1.02,0.61,-0.55,-0.73,
1783262285.061,7.318,straight,-1.92,-3.79,-44.63,0.00,1.02,0.81,1,0.07,-0.04,1.01,0.30,-0.18,-0.73,
1783262285.081,7.338,straight,-1.92,-3.80,-44.64,0.00,1.02,0.81,1,0.07,-0.04,1.01,0.18,-0.30,-0.73,
1783262285.101,7.359,straight,-1.93,-3.80,-44.66,0.00,1.02,0.89,1,0.07,-0.04,1.02,-0.06,-0.24,-0.85,
1783262285.122,7.379,straight,-1.92,-3.81,-44.68,0.00,1.02,1.06,1,0.06,-0.04,1.02,0.18,-0.37,-0.98,
1783262285.141,7.398,straight,-1.92,-3.82,-44.70,0.00,1.02,1.10,1,0.07,-0.03,1.02,0.06,-0.61,-0.91,
1783262285.161,7.418,straight,-1.91,-3.84,-44.71,0.00,1.01,1.15,1,0.07,-0.03,1.01,0.24,-0.79,-0.79,
1783262285.181,7.438,straight,-1.92,-3.85,-44.72,0.00,1.00,0.79,1,0.07,-0.04,1.00,0.12,-0.55,-0.55,
1783262285.201,7.458,straight,-1.92,-3.86,-44.73,0.00,1.00,0.59,1,0.07,-0.04,1.00,0.12,-0.30,-0.49,
1783262285.221,7.478,straight,-1.91,-3.86,-44.74,0.00,1.01,0.33,1,0.07,-0.03,1.01,0.12,-0.06,-0.30,
1783262285.241,7.498,straight,-1.90,-3.87,-44.74,0.00,1.01,0.43,1,0.07,-0.03,1.01,0.37,-0.12,-0.18,
1783262285.261,7.518,straight,-1.89,-3.87,-44.73,0.00,1.01,0.70,1,0.07,-0.03,1.01,0.49,-0.12,0.49,
1783262285.281,7.538,straight,-1.88,-3.87,-44.72,0.00,1.01,0.76,1,0.07,-0.03,1.01,0.12,0.18,0.73,
1783262285.301,7.558,straight,-1.90,-3.86,-44.70,0.00,1.02,0.67,1,0.06,-0.05,1.02,-0.12,0.24,0.61,
1783262285.321,7.578,straight,-1.92,-3.85,-44.70,0.01,1.03,0.06,0,0.06,-0.05,1.03,0.00,0.00,0.06,
1783262285.341,7.598,straight,-1.91,-3.86,-44.70,0.01,1.02,0.74,1,0.07,-0.04,1.02,0.43,-0.61,0.00,
1783262285.361,7.618,straight,-1.89,-3.88,-44.70,0.01,1.01,0.64,1,0.08,-0.02,1.01,0.37,-0.43,0.30,
1783262285.381,7.638,straight,-1.88,-3.88,-44.68,0.01,1.00,0.99,1,0.08,-0.02,1.00,0.12,0.37,0.91,
1783262285.401,7.658,straight,-1.89,-3.87,-44.66,0.01,1.02,1.18,1,0.07,-0.04,1.01,0.06,0.43,1.10,
1783262285.421,7.678,straight,-1.90,-3.86,-44.63,0.02,1.02,1.23,0,0.06,-0.05,1.02,0.37,-0.18,1.16,
1783262285.441,7.698,straight,-1.90,-3.87,-44.62,0.02,1.02,0.71,1,0.07,-0.05,1.01,0.43,-0.37,0.43,
1783262285.461,7.718,straight,-1.90,-3.88,-44.62,0.02,1.01,0.65,1,0.07,-0.03,1.01,0.43,-0.43,0.24,
1783262285.481,7.738,straight,-1.89,-3.89,-44.62,0.02,1.02,0.30,1,0.07,-0.04,1.01,0.24,0.00,0.18,
1783262285.501,7.758,straight,-1.90,-3.88,-44.61,0.02,1.02,0.46,1,0.07,-0.03,1.02,0.00,0.18,0.43,
1783262285.521,7.778,straight,-1.89,-3.87,-44.59,0.02,1.02,0.82,1,0.06,-0.04,1.02,0.18,-0.06,0.79,
1783262285.541,7.798,straight,-1.89,-3.88,-44.58,0.03,1.02,0.84,1,0.07,-0.04,1.02,0.18,-0.37,0.73,
1783262285.561,7.818,straight,-1.89,-3.89,-44.56,0.03,1.02,1.03,1,0.07,-0.04,1.01,0.24,-0.24,0.98,
1783262285.581,7.838,straight,-1.90,-3.89,-44.54,0.03,1.02,0.98,1,0.07,-0.04,1.02,0.00,-0.12,0.98,
1783262285.601,7.858,straight,-1.93,-3.89,-44.51,0.04,1.02,1.23,0,0.06,-0.05,1.02,0.00,-0.55,1.10,
1783262285.621,7.878,straight,-1.95,-3.90,-44.50,0.04,1.02,0.95,0,0.06,-0.06,1.02,0.06,-0.61,0.73,
1783262285.641,7.898,straight,-1.97,-3.91,-44.51,0.05,1.01,1.08,1,0.07,-0.05,1.01,0.18,-0.98,-0.43,
1783262285.661,7.918,straight,-1.99,-3.93,-44.53,0.05,1.01,1.41,1,0.07,-0.05,1.01,0.06,-0.79,-1.16,
1783262285.681,7.938,straight,-1.99,-3.95,-44.56,0.05,1.02,1.55,1,0.07,-0.04,1.01,0.00,-0.67,-1.40,
1783262285.701,7.958,straight,-2.00,-3.96,-44.58,0.05,1.02,1.21,1,0.07,-0.04,1.01,-0.12,-0.49,-1.10,
1783262285.721,7.978,straight,-1.99,-3.97,-44.59,0.05,1.01,0.82,1,0.07,-0.04,1.01,0.06,-0.37,-0.73,
1783262285.741,7.998,straight,-2.00,-3.98,-44.60,0.05,1.01,0.28,1,0.07,-0.04,1.01,0.06,-0.12,-0.24,
1783262285.761,8.018,straight,-2.00,-3.97,-44.60,0.05,1.01,0.38,1,0.07,-0.05,1.01,0.18,0.12,-0.30,
1783262285.781,8.038,straight,-2.02,-3.97,-44.62,0.05,1.02,0.74,1,0.07,-0.05,1.02,0.06,0.12,-0.73,
1783262285.801,8.058,straight,-2.03,-3.97,-44.64,0.06,1.02,1.11,1,0.07,-0.05,1.01,0.12,0.06,-1.10,
1783262285.821,8.078,straight,-2.05,-3.96,-44.67,0.06,1.02,1.49,0,0.06,-0.05,1.02,-0.18,0.18,-1.46,
1783262285.841,8.098,straight,-2.06,-3.95,-44.70,0.07,1.02,1.65,1,0.06,-0.05,1.01,0.00,-0.12,-1.65,
1783262285.861,8.118,straight,-2.06,-3.96,-44.74,0.07,1.02,1.69,1,0.07,-0.04,1.01,0.06,-0.37,-1.65,
1783262285.881,8.138,straight,-2.07,-3.97,-44.77,0.07,1.02,1.86,1,0.07,-0.04,1.01,0.06,-0.30,-1.83,
1783262285.901,8.158,straight,-2.08,-3.97,-44.81,0.08,1.02,1.81,0,0.06,-0.05,1.02,0.18,-0.37,-1.77,
1783262285.921,8.178,straight,-2.07,-3.98,-44.85,0.08,1.02,2.10,1,0.07,-0.04,1.01,0.55,-0.55,-1.95,
1783262285.941,8.198,straight,-2.05,-4.00,-44.88,0.07,1.01,1.87,1,0.08,-0.03,1.01,0.49,-0.37,-1.77,
1783262285.961,8.218,straight,-2.03,-4.00,-44.90,0.07,1.01,1.18,1,0.08,-0.02,1.00,0.43,0.06,-1.10,
1783262285.981,8.238,straight,-2.02,-3.99,-44.92,0.07,1.01,0.83,1,0.07,-0.03,1.01,0.30,0.55,-0.55,
1783262286.001,8.258,straight,-2.02,-3.98,-44.92,0.08,1.02,0.55,1,0.07,-0.04,1.02,0.37,0.37,-0.18,
1783262286.021,8.278,straight,-2.02,-3.98,-44.93,0.08,1.02,0.61,1,0.07,-0.05,1.02,0.43,0.06,-0.43,
1783262286.041,8.298,straight,-2.02,-3.98,-44.94,0.09,1.02,0.81,1,0.07,-0.05,1.02,0.30,-0.18,-0.73,
1783262286.061,8.318,straight,-2.02,-3.99,-44.96,0.09,1.02,1.06,1,0.07,-0.04,1.01,0.24,-0.49,-0.91,
1783262286.081,8.338,straight,-2.02,-3.99,-44.98,0.09,1.02,1.23,1,0.07,-0.04,1.02,0.18,-0.37,-1.16,
1783262286.101,8.358,straight,-2.02,-4.01,-45.00,0.09,1.02,1.09,1,0.07,-0.04,1.01,0.24,-0.55,-0.91,
1783262286.121,8.378,straight,-2.01,-4.02,-45.01,0.09,1.01,0.92,1,0.08,-0.04,1.01,0.49,-0.55,-0.55,
1783262286.141,8.398,straight,-2.00,-4.03,-45.02,0.09,1.01,0.58,1,0.08,-0.04,1.01,0.43,-0.24,-0.30,
1783262286.161,8.418,straight,-2.00,-4.04,-45.03,0.09,1.01,0.66,1,0.08,-0.04,1.01,0.37,0.24,-0.49,
1783262286.181,8.438,straight,-2.00,-4.03,-45.03,0.09,1.01,0.64,1,0.07,-0.04,1.01,0.37,0.49,-0.18,
1783262286.201,8.458,straight,-1.99,-4.02,-45.03,0.09,1.02,0.58,1,0.07,-0.04,1.01,0.30,0.49,0.06,
1783262286.221,8.478,straight,-1.99,-4.02,-45.03,0.09,1.01,0.61,1,0.07,-0.04,1.01,0.49,0.37,0.06,
1783262286.241,8.498,straight,-1.99,-4.01,-45.03,0.09,1.01,0.44,1,0.07,-0.04,1.01,0.37,0.24,-0.06,
1783262286.261,8.518,straight,-1.99,-4.01,-45.04,0.09,1.02,0.54,1,0.07,-0.04,1.01,0.30,0.12,-0.43,
1783262286.281,8.538,straight,-1.99,-4.01,-45.05,0.10,1.02,0.89,1,0.07,-0.04,1.02,0.43,-0.55,-0.55,
1783262286.301,8.558,straight,-1.98,-4.03,-45.06,0.10,1.02,1.26,1,0.07,-0.03,1.02,0.61,-1.04,-0.37,
1783262286.321,8.578,straight,-1.96,-4.06,-45.05,0.10,1.02,1.32,1,0.08,-0.03,1.01,0.61,-1.16,0.18,
1783262286.341,8.598,straight,-1.94,-4.09,-45.03,0.10,1.01,1.27,1,0.08,-0.02,1.01,0.49,-0.73,0.91,
1783262286.361,8.618,straight,-1.93,-4.10,-45.01,0.00,1.01,1.04,1,0.08,-0.03,1.00,0.37,0.00,0.98,
1783262286.381,8.638,straight,-1.93,-4.10,-45.00,0.00,1.01,0.96,1,0.08,-0.04,1.00,0.24,0.49,0.79,
1783262286.401,8.658,straight,-1.94,-4.09,-44.99,0.00,1.01,0.94,1,0.08,-0.04,1.01,0.12,0.85,0.37,
1783262286.421,8.678,straight,-1.94,-4.07,-44.99,0.00,1.01,1.23,1,0.07,-0.04,1.01,0.12,1.22,0.00,
1783262286.441,8.698,straight,-1.94,-4.04,-44.99,0.00,1.02,1.18,1,0.07,-0.03,1.02,0.18,1.16,0.12,
1783262286.461,8.718,straight,-1.93,-4.02,-44.98,0.00,1.02,0.74,1,0.07,-0.03,1.02,0.24,0.55,0.43,
1783262286.481,8.738,straight,-1.92,-4.02,-44.97,0.01,1.03,0.83,0,0.07,-0.03,1.02,0.06,0.24,0.79,
1783262286.501,8.758,straight,-1.93,-4.02,-44.95,0.01,1.03,0.89,0,0.07,-0.04,1.03,-0.18,-0.18,0.85,
1783262286.521,8.778,straight,-1.95,-4.02,-44.93,0.02,1.02,0.83,1,0.07,-0.05,1.02,0.06,-0.24,0.79,
1783262286.541,8.798,straight,-1.94,-4.02,-44.92,0.02,1.02,1.03,1,0.07,-0.04,1.01,0.30,-0.49,0.85,
1783262286.561,8.818,straight,-1.94,-4.04,-44.90,0.02,1.01,1.09,1,0.08,-0.03,1.01,0.43,-0.61,0.79,
1783262286.581,8.838,straight,-1.93,-4.06,-44.88,0.02,1.01,1.01,1,0.08,-0.03,1.00,0.30,-0.30,0.91,
1783262286.601,8.858,straight,-1.92,-4.07,-44.85,0.02,1.01,1.47,1,0.08,-0.03,1.01,0.43,0.12,1.40,
1783262286.621,8.878,straight,-1.92,-4.06,-44.82,0.02,1.01,1.93,1,0.08,-0.04,1.01,0.24,0.73,1.77,
1783262286.641,8.898,straight,-1.92,-4.05,-44.79,0.02,1.01,1.53,1,0.07,-0.04,1.01,0.12,0.73,1.34,
1783262286.661,8.918,straight,-1.94,-4.03,-44.78,0.02,1.02,1.00,1,0.07,-0.04,1.02,0.00,0.61,0.79,
1783262286.681,8.938,straight,-1.95,-4.02,-44.77,0.02,1.02,0.63,1,0.07,-0.04,1.01,0.06,0.55,0.30,
1783262286.701,8.958,straight,-1.95,-4.01,-44.77,0.03,1.02,0.56,1,0.07,-0.04,1.02,0.00,0.55,0.12,
1783262286.721,8.978,straight,-1.96,-4.00,-44.77,0.03,1.03,0.32,1,0.07,-0.04,1.02,0.18,0.18,0.18,
1783262286.741,8.998,straight,-1.96,-4.00,-44.76,0.04,1.02,0.43,1,0.07,-0.04,1.02,0.37,0.12,0.18,
1783262286.761,9.018,straight,-1.94,-4.00,-44.76,0.04,1.02,0.58,1,0.07,-0.03,1.01,0.43,0.24,0.30,
1783262286.781,9.038,straight,-1.92,-4.00,-44.75,0.04,1.01,0.71,1,0.07,-0.02,1.01,0.43,0.12,0.55,
1783262286.801,9.058,straight,-1.91,-4.00,-44.72,0.04,1.02,1.16,1,0.07,-0.03,1.01,0.49,0.18,1.04,
1783262286.821,9.078,straight,-1.90,-3.99,-44.70,0.04,1.02,1.53,1,0.07,-0.04,1.02,0.43,0.12,1.46,
1783262286.841,9.098,straight,-1.91,-3.99,-44.67,0.05,1.02,1.39,1,0.07,-0.04,1.01,0.37,-0.06,1.34,
1783262286.861,9.118,straight,-1.91,-3.99,-44.64,0.05,1.01,1.22,1,0.07,-0.04,1.01,0.30,-0.24,1.16,
1783262286.881,9.138,straight,-1.91,-4.00,-44.63,0.05,1.01,0.79,1,0.08,-0.04,1.01,0.37,-0.18,0.67,
1783262286.901,9.158,straight,-1.91,-4.01,-44.63,0.05,1.02,0.33,1,0.08,-0.04,1.02,0.12,0.06,0.30,
1783262286.921,9.178,straight,-1.91,-4.01,-44.62,0.05,1.02,0.25,1,0.08,-0.03,1.02,0.12,0.12,0.18,
1783262286.941,9.198,straight,-1.91,-4.01,-44.61,0.06,1.02,0.60,1,0.07,-0.03,1.02,0.06,0.24,0.55,
1783262286.961,9.218,straight,-1.91,-4.01,-44.59,0.00,1.02,0.93,1,0.07,-0.04,1.02,0.00,0.18,0.91,
1783262286.981,9.238,straight,-1.92,-4.00,-44.58,0.00,1.02,0.77,1,0.07,-0.04,1.01,0.06,0.24,0.73,
1783262287.001,9.258,straight,-1.93,-3.99,-44.57,0.00,1.02,0.45,1,0.07,-0.04,1.01,-0.06,0.12,0.43,
1783262287.021,9.278,straight,-1.95,-3.99,-44.57,0.00,1.02,0.15,1,0.07,-0.04,1.02,0.06,0.06,0.12,
1783262287.041,9.298,straight,-1.95,-3.99,-44.57,0.00,1.02,0.20,1,0.07,-0.04,1.01,0.06,-0.18,-0.06,
1783262287.061,9.318,straight,-1.96,-4.00,-44.57,0.00,1.02,0.39,1,0.07,-0.04,1.02,-0.06,-0.37,-0.12,
1783262287.081,9.338,straight,-1.97,-4.01,-44.57,0.00,1.02,0.44,1,0.07,-0.04,1.02,-0.06,-0.43,-0.06,
1783262287.101,9.358,straight,-1.97,-4.02,-44.57,0.00,1.02,0.52,1,0.07,-0.04,1.01,0.12,-0.49,0.12,
1783262287.121,9.378,straight,-1.96,-4.02,-44.56,0.00,1.01,0.44,1,0.07,-0.03,1.01,0.06,-0.24,0.37,
1783262287.141,9.398,straight,-1.97,-4.03,-44.55,0.00,1.02,0.44,1,0.07,-0.04,1.02,-0.06,-0.30,0.30,
1783262287.161,9.418,straight,-1.99,-4.03,-44.55,0.01,1.03,0.73,0,0.07,-0.05,1.03,-0.06,-0.73,0.00,
1783262287.181,9.438,straight,-1.99,-4.06,-44.56,0.01,1.03,1.26,1,0.07,-0.04,1.02,0.12,-1.22,-0.30,
1783262287.201,9.458,straight,-1.98,-4.09,-44.56,0.01,1.01,1.19,1,0.08,-0.03,1.01,0.18,-1.16,-0.18,
1783262287.221,9.478,straight,-1.98,-4.12,-44.56,0.01,1.01,0.61,1,0.08,-0.03,1.00,0.18,-0.55,0.18,
1783262287.241,9.498,straight,-1.98,-4.12,-44.55,0.01,1.01,0.56,1,0.08,-0.04,1.01,0.30,-0.18,0.43,
1783262287.261,9.518,straight,-1.98,-4.12,-44.54,0.01,1.01,0.48,1,0.07,-0.04,1.01,0.30,-0.06,0.37,
1783262287.281,9.538,straight,-2.00,-4.12,-44.54,0.01,1.01,0.31,1,0.07,-0.05,1.01,0.18,-0.24,-0.06,
1783262287.301,9.558,straight,-2.00,-4.13,-44.55,0.01,1.01,0.70,1,0.07,-0.05,1.01,0.24,-0.37,-0.55,
1783262287.321,9.578,straight,-2.01,-4.13,-44.57,0.02,1.02,0.90,1,0.07,-0.04,1.02,0.12,-0.24,-0.85,
1783262287.341,9.598,straight,-2.01,-4.13,-44.59,0.02,1.02,0.94,1,0.07,-0.04,1.02,0.18,-0.12,-0.91,
1783262287.361,9.618,straight,-2.01,-4.14,-44.61,0.03,1.03,0.83,1,0.08,-0.04,1.02,0.18,-0.18,-0.79,
1783262287.381,9.638,straight,-2.00,-4.15,-44.62,0.03,1.02,0.87,1,0.08,-0.04,1.01,0.30,-0.18,-0.79,
1783262287.401,9.658,straight,-2.00,-4.15,-44.64,0.03,1.01,0.80,1,0.07,-0.04,1.01,0.30,-0.12,-0.73,
1783262287.421,9.678,straight,-2.00,-4.15,-44.65,0.03,1.02,0.79,1,0.07,-0.04,1.01,0.37,-0.18,-0.67,
1783262287.441,9.698,straight,-1.99,-4.15,-44.66,0.03,1.01,0.75,1,0.07,-0.04,1.01,0.55,-0.37,-0.37,
1783262287.461,9.718,straight,-1.98,-4.16,-44.66,0.03,1.01,0.58,1,0.07,-0.04,1.01,0.43,-0.24,-0.30,
1783262287.481,9.738,straight,-1.98,-4.16,-44.66,0.03,1.01,0.32,1,0.08,-0.04,1.00,0.30,-0.06,-0.06,
1783262287.501,9.758,straight,-1.98,-4.16,-44.67,0.03,1.01,0.57,1,0.07,-0.04,1.01,0.37,0.24,-0.37,
1783262287.521,9.778,straight,-1.98,-4.15,-44.68,0.03,1.02,0.73,1,0.07,-0.04,1.02,0.55,0.00,-0.49,
1783262287.541,9.798,straight,-1.97,-4.15,-44.69,0.04,1.02,0.63,1,0.07,-0.04,1.02,0.55,-0.06,-0.30,
1783262287.561,9.818,straight,-1.96,-4.16,-44.69,0.04,1.02,0.52,1,0.07,-0.04,1.01,0.49,-0.18,-0.06,
1783262287.581,9.838,straight,-1.95,-4.16,-44.69,0.04,1.02,0.45,1,0.08,-0.04,1.02,0.43,0.06,0.12,
1783262287.601,9.858,straight,-1.95,-4.16,-44.69,0.04,1.02,0.33,1,0.07,-0.04,1.02,0.30,-0.12,0.00,
1783262287.621,9.878,straight,-1.95,-4.16,-44.69,0.00,1.01,0.38,1,0.07,-0.04,1.01,0.30,-0.18,-0.12,
1783262287.641,9.898,straight,-1.94,-4.16,-44.68,0.00,1.01,0.43,1,0.07,-0.04,1.00,0.30,-0.18,0.24,
1783262287.661,9.919,straight,-1.95,-4.16,-44.68,0.00,1.01,0.24,1,0.08,-0.04,1.00,0.00,0.00,0.24,
1783262287.681,9.938,straight,-1.96,-4.16,-44.67,0.00,1.02,0.36,1,0.07,-0.04,1.01,0.18,0.18,0.24,
1783262287.701,9.958,straight,-1.96,-4.16,-44.67,0.00,1.01,0.64,1,0.07,-0.04,1.01,0.55,0.30,0.12,
1783262287.721,9.978,straight,-1.95,-4.15,-44.67,0.00,1.01,0.51,1,0.07,-0.04,1.01,0.30,0.37,0.18,
1783262287.741,9.998,straight,-1.97,-4.14,-44.67,0.00,1.02,0.39,1,0.07,-0.05,1.02,0.12,0.37,0.06,
1783262287.761,10.018,straight,-1.98,-4.13,-44.67,0.01,1.03,0.53,0,0.07,-0.05,1.03,0.30,-0.06,-0.43,
1783262287.781,10.039,straight,-1.96,-4.14,-44.69,0.01,1.02,0.94,1,0.08,-0.03,1.02,0.55,-0.37,-0.67,
1783262287.801,10.058,straight,-1.94,-4.14,-44.69,0.01,1.01,0.57,1,0.08,-0.02,1.00,0.37,0.30,-0.30,
1783262287.821,10.078,straight,-1.94,-4.14,-44.69,0.01,1.01,0.54,1,0.07,-0.03,1.01,0.12,0.43,0.30,
1783262287.841,10.098,straight,-1.95,-4.12,-44.68,0.01,1.02,0.68,1,0.07,-0.05,1.01,0.18,0.37,0.55,
1783262287.861,10.118,straight,-1.96,-4.11,-44.67,0.02,1.02,0.48,1,0.06,-0.05,1.02,0.43,0.12,0.18,
1783262287.881,10.138,straight,-1.96,-4.11,-44.68,0.02,1.02,0.78,1,0.07,-0.05,1.01,0.73,-0.24,-0.12,
1783262287.901,10.159,straight,-1.95,-4.12,-44.69,0.02,1.01,0.71,1,0.08,-0.04,1.01,0.49,-0.18,-0.49,
1783262287.921,10.178,straight,-1.95,-4.12,-44.70,0.03,1.02,0.76,1,0.08,-0.04,1.02,0.18,0.06,-0.73,
1783262287.941,10.198,straight,-1.94,-4.12,-44.71,0.03,1.02,0.41,1,0.07,-0.04,1.02,0.18,0.00,-0.37,
1783262287.961,10.218,straight,-1.93,-4.12,-44.71,0.03,1.02,0.52,1,0.07,-0.03,1.01,0.49,-0.12,0.12,
1783262287.981,10.238,straight,-1.92,-4.12,-44.69,0.03,1.01,0.86,1,0.07,-0.03,1.01,0.61,0.00,0.61,
1783262288.001,10.259,straight,-1.91,-4.11,-44.68,0.03,1.01,0.76,1,0.07,-0.03,1.01,0.55,0.30,0.43,
1783262288.021,10.278,straight,-1.90,-4.11,-44.67,0.03,1.02,1.03,1,0.07,-0.04,1.01,0.67,0.49,0.61,
1783262288.041,10.298,straight,-1.89,-4.10,-44.66,0.03,1.02,0.92,1,0.07,-0.04,1.02,0.61,0.18,0.67,
1783262288.061,10.318,straight,-1.88,-4.09,-44.64,0.03,1.02,1.16,1,0.07,-0.04,1.01,0.55,0.30,0.98,
1783262288.081,10.338,straight,-1.89,-4.08,-44.62,0.04,1.02,0.98,1,0.07,-0.04,1.01,0.49,0.30,0.79,
1783262288.101,10.358,straight,-1.89,-4.08,-44.62,0.04,1.01,0.72,1,0.07,-0.04,1.01,0.55,0.18,0.43,
1783262288.121,10.379,straight,-1.88,-4.07,-44.62,0.04,1.02,0.64,1,0.07,-0.04,1.01,0.61,0.18,-0.06,
1783262288.141,10.398,straight,-1.88,-4.07,-44.62,0.04,1.02,0.58,1,0.07,-0.04,1.02,0.55,0.12,0.12,
1783262288.161,10.418,straight,-1.87,-4.07,-44.61,0.04,1.01,0.91,1,0.08,-0.03,1.01,0.67,0.37,0.49,
1783262288.181,10.438,straight,-1.86,-4.06,-44.59,0.04,1.01,1.21,1,0.07,-0.04,1.01,0.61,0.61,0.85,
1783262288.201,10.458,straight,-1.85,-4.04,-44.57,0.04,1.02,1.20,1,0.07,-0.04,1.01,0.61,0.73,0.73,
1783262288.221,10.478,straight,-1.85,-4.03,-44.56,0.00,1.01,1.16,1,0.07,-0.04,1.01,0.67,0.73,0.61,
1783262288.241,10.498,straight,-1.85,-4.01,-44.56,0.00,1.01,1.10,1,0.07,-0.04,1.01,0.49,0.91,0.37,
1783262288.261,10.518,straight,-1.86,-3.99,-44.56,0.00,1.02,1.07,1,0.07,-0.05,1.01,0.43,0.98,0.06,
1783262288.281,10.538,straight,-1.86,-3.97,-44.56,0.00,1.02,1.11,1,0.07,-0.05,1.02,0.61,0.91,-0.18,
1783262288.301,10.558,straight,-1.85,-3.96,-44.57,0.00,1.01,1.10,1,0.07,-0.04,1.01,0.67,0.79,-0.37,
1783262288.321,10.578,straight,-1.85,-3.95,-44.58,0.00,1.02,1.10,1,0.07,-0.04,1.01,0.55,0.85,-0.43,
1783262288.341,10.598,straight,-1.85,-3.93,-44.59,0.00,1.02,1.47,1,0.07,-0.04,1.01,0.67,1.04,-0.79,
1783262288.361,10.618,straight,-1.84,-3.91,-44.61,0.00,1.02,1.52,1,0.07,-0.04,1.02,0.79,0.98,-0.85,
1783262288.381,10.638,straight,-1.82,-3.90,-44.63,0.00,1.01,1.31,1,0.07,-0.03,1.01,0.67,0.85,-0.73,
1783262288.401,10.658,straight,-1.81,-3.88,-44.63,0.00,1.01,1.28,1,0.07,-0.03,1.01,0.79,0.98,-0.24,
1783262288.421,10.678,straight,-1.79,-3.86,-44.63,0.00,1.01,1.60,1,0.07,-0.03,1.01,0.85,1.34,0.18,
1783262288.441,10.698,straight,-1.78,-3.83,-44.63,0.00,1.01,1.66,1,0.07,-0.04,1.01,0.98,1.34,0.12,
1783262288.461,10.718,straight,-1.79,-3.80,-44.64,0.00,1.02,1.72,1,0.07,-0.05,1.01,0.73,1.40,-0.67,
1783262288.481,10.738,straight,-1.79,-3.78,-44.67,0.00,1.01,2.16,1,0.07,-0.05,1.01,0.61,1.34,-1.59,
1783262288.501,10.758,straight,-1.79,-3.76,-44.71,0.00,1.02,2.49,1,0.07,-0.04,1.01,0.49,1.46,-1.95,
1783262288.521,10.778,straight,-1.78,-3.73,-44.76,0.00,1.02,2.53,1,0.06,-0.04,1.02,0.73,1.34,-2.01,
1783262288.541,10.798,straight,-1.76,-3.70,-44.80,0.01,1.03,2.45,0,0.06,-0.03,1.03,0.85,0.98,-2.07,
1783262288.561,10.818,straight,-1.73,-3.69,-44.83,0.01,1.03,2.29,0,0.06,-0.02,1.03,1.28,0.49,-1.83,
1783262288.581,10.838,straight,-1.68,-3.69,-44.86,0.02,1.02,1.90,1,0.07,-0.02,1.02,1.28,0.43,-1.34,
1783262288.601,10.858,straight,-1.64,-3.69,-44.87,0.02,1.02,1.37,1,0.07,-0.01,1.01,1.10,0.55,-0.61,
1783262288.621,10.878,straight,-1.62,-3.68,-44.88,0.02,1.02,1.07,1,0.07,-0.02,1.02,0.98,0.43,-0.06,
1783262288.641,10.898,straight,-1.60,-3.67,-44.87,0.02,1.01,1.01,1,0.06,-0.03,1.01,0.85,0.49,0.24,
1783262288.661,10.918,straight,-1.59,-3.66,-44.86,0.02,1.01,1.09,1,0.07,-0.03,1.01,0.98,0.30,0.37,
1783262288.681,10.938,straight,-1.57,-3.66,-44.86,0.02,1.02,0.99,1,0.07,-0.03,1.01,0.79,0.55,0.24,
1783262288.701,10.958,straight,-1.56,-3.65,-44.86,0.02,1.02,0.99,1,0.07,-0.03,1.01,0.67,0.73,-0.06,
1783262288.721,10.978,straight,-1.55,-3.64,-44.86,0.02,1.02,1.00,1,0.07,-0.03,1.01,0.49,0.85,-0.18,
1783262288.741,10.998,straight,-1.54,-3.62,-44.86,0.02,1.02,1.20,1,0.06,-0.03,1.02,0.61,1.04,0.06,
1783262288.761,11.018,straight,-1.53,-3.60,-44.86,0.03,1.02,1.03,1,0.06,-0.03,1.02,0.55,0.85,0.18,
1783262288.781,11.038,straight,-1.53,-3.58,-44.86,0.03,1.02,0.92,1,0.06,-0.03,1.02,0.37,0.79,0.30,
1783262288.801,11.058,straight,-1.53,-3.57,-44.85,0.03,1.02,0.74,1,0.06,-0.03,1.02,0.24,0.67,0.18,
1783262288.821,11.078,straight,-1.53,-3.56,-44.85,0.04,1.02,0.40,1,0.06,-0.03,1.02,0.24,0.30,0.06,
1783262288.841,11.098,straight,-1.53,-3.56,-44.86,0.04,1.02,0.39,1,0.07,-0.04,1.02,0.24,0.18,-0.24,
1783262288.861,11.118,straight,-1.54,-3.55,-44.87,0.05,1.02,0.79,1,0.06,-0.04,1.02,0.37,0.43,-0.55,
1783262288.881,11.138,straight,-1.54,-3.56,-44.88,0.05,1.02,0.85,1,0.07,-0.04,1.02,0.30,-0.06,-0.79,
1783262288.901,11.158,straight,-1.55,-3.56,-44.91,0.05,1.01,1.28,1,0.07,-0.03,1.01,0.00,0.06,-1.28,
1783262288.921,11.178,straight,-1.56,-3.56,-44.94,0.05,1.01,1.66,1,0.07,-0.04,1.01,0.00,0.18,-1.65,
1783262288.941,11.198,straight,-1.57,-3.55,-44.98,0.05,1.02,2.13,1,0.06,-0.04,1.01,0.00,0.49,-2.07,
1783262288.961,11.218,straight,-1.56,-3.55,-45.03,0.06,1.02,2.23,1,0.06,-0.02,1.02,0.37,0.00,-2.20,
1783262288.981,11.238,straight,-1.54,-3.56,-45.06,0.06,1.02,1.48,1,0.07,-0.01,1.02,0.18,0.12,-1.46,
1783262289.001,11.258,straight,-1.52,-3.56,-45.07,0.06,1.02,0.72,1,0.07,-0.01,1.01,0.06,0.24,-0.67,
1783262289.021,11.278,straight,-1.52,-3.56,-45.07,0.00,1.01,0.38,1,0.06,-0.03,1.01,0.06,0.37,-0.06,
1783262289.041,11.298,straight,-1.53,-3.55,-45.07,0.00,1.02,0.29,1,0.06,-0.04,1.01,0.18,0.18,0.12,
1783262289.061,11.318,straight,-1.54,-3.54,-45.08,0.00,1.02,0.56,1,0.06,-0.04,1.01,0.30,-0.18,-0.43,
1783262289.081,11.338,straight,-1.55,-3.55,-45.10,0.00,1.02,1.33,1,0.06,-0.04,1.01,0.18,-0.30,-1.28,
1783262289.101,11.358,straight,-1.55,-3.56,-45.14,0.00,1.01,1.72,1,0.07,-0.03,1.01,0.06,-0.18,-1.71,
1783262289.121,11.378,straight,-1.55,-3.56,-45.17,0.00,1.02,1.78,1,0.06,-0.03,1.01,-0.18,0.06,-1.77,
1783262289.141,11.398,straight,-1.55,-3.56,-45.20,0.00,1.02,1.47,1,0.06,-0.03,1.02,0.00,-0.12,-1.46,
1783262289.161,11.418,straight,-1.53,-3.57,-45.22,0.00,1.02,1.18,1,0.07,-0.02,1.02,0.30,-0.30,-1.10,
1783262289.181,11.438,straight,-1.52,-3.59,-45.24,0.00,1.02,0.99,1,0.07,-0.02,1.01,0.43,-0.24,-0.85,
1783262289.201,11.458,straight,-1.50,-3.59,-45.25,0.00,1.02,0.40,1,0.07,-0.02,1.01,0.30,-0.06,-0.24,
1783262289.221,11.478,straight,-1.50,-3.59,-45.24,0.00,1.01,0.40,1,0.06,-0.03,1.01,0.30,-0.18,0.18,
1783262289.241,11.498,straight,-1.50,-3.60,-45.23,0.00,1.01,0.52,1,0.07,-0.03,1.01,0.37,-0.06,0.37,
1783262289.261,11.518,straight,-1.51,-3.61,-45.24,0.00,1.02,0.58,1,0.07,-0.04,1.02,0.49,-0.30,-0.06,
1783262289.281,11.538,straight,-1.51,-3.61,-45.24,0.00,1.02,0.50,1,0.06,-0.03,1.02,0.30,-0.30,-0.24,
1783262289.301,11.558,straight,-1.50,-3.62,-45.25,0.00,1.02,0.66,1,0.07,-0.03,1.02,0.49,-0.37,-0.24,
1783262289.321,11.578,straight,-1.49,-3.63,-45.25,0.00,1.01,0.49,1,0.07,-0.02,1.01,0.43,-0.24,0.00,
1783262289.341,11.598,straight,-1.49,-3.64,-45.24,0.00,1.01,0.25,1,0.07,-0.03,1.01,0.24,0.00,0.06,
1783262289.361,11.618,straight,-1.49,-3.64,-45.24,0.00,1.01,0.44,1,0.07,-0.03,1.01,0.37,0.24,0.00,
1783262289.381,11.638,straight,-1.48,-3.63,-45.24,0.00,1.02,0.57,1,0.06,-0.02,1.01,0.37,0.37,0.24,
1783262289.401,11.658,straight,-1.47,-3.62,-45.22,0.00,1.02,0.98,1,0.07,-0.02,1.02,0.30,0.37,0.85,
1783262289.421,11.678,straight,-1.47,-3.62,-45.21,0.00,1.01,0.77,1,0.07,-0.03,1.01,0.06,0.24,0.73,
1783262289.441,11.698,straight,-1.48,-3.62,-45.20,0.00,1.01,0.60,1,0.07,-0.03,1.01,-0.06,0.24,0.55,
1783262289.461,11.718,straight,-1.50,-3.61,-45.19,0.00,1.02,0.41,1,0.06,-0.04,1.02,0.12,0.30,0.24,
1783262289.481,11.738,straight,-1.50,-3.61,-45.19,0.00,1.02,0.28,1,0.06,-0.03,1.02,0.24,-0.06,0.12,
1783262289.501,11.758,straight,-1.51,-3.61,-45.19,0.00,1.02,0.30,1,0.06,-0.03,1.01,-0.12,-0.12,-0.24,
1783262289.521,11.778,straight,-1.53,-3.61,-45.20,0.01,1.02,0.58,0,0.06,-0.04,1.02,-0.24,-0.30,-0.43,
1783262289.541,11.798,straight,-1.54,-3.62,-45.21,0.01,1.03,0.78,0,0.06,-0.04,1.02,0.06,-0.61,-0.49,
1783262289.561,11.818,straight,-1.53,-3.64,-45.22,0.01,1.02,0.94,1,0.07,-0.02,1.02,0.37,-0.67,-0.55,
1783262289.581,11.838,straight,-1.52,-3.66,-45.23,0.02,1.01,0.58,1,0.08,-0.01,1.01,0.00,-0.30,-0.49,
1783262289.601,11.858,straight,-1.51,-3.66,-45.23,0.02,1.01,0.31,1,0.07,-0.02,1.01,-0.06,0.24,0.18,
1783262289.621,11.878,straight,-1.53,-3.64,-45.22,0.02,1.01,0.67,1,0.05,-0.04,1.01,-0.12,0.37,0.55,
1783262289.641,11.898,straight,-1.54,-3.64,-45.21,0.02,1.01,0.41,1,0.06,-0.04,1.01,0.18,-0.06,0.37,
1783262289.661,11.918,straight,-1.55,-3.65,-45.21,0.03,1.01,0.55,1,0.07,-0.04,1.01,0.18,-0.49,-0.18,
1783262289.681,11.938,straight,-1.56,-3.67,-45.23,0.03,1.01,0.95,1,0.07,-0.03,1.01,0.00,-0.24,-0.91,
1783262289.701,11.958,straight,-1.57,-3.67,-45.25,0.03,1.02,1.04,1,0.07,-0.03,1.02,-0.30,0.18,-0.98,
1783262289.721,11.978,straight,-1.58,-3.66,-45.27,0.03,1.02,0.80,1,0.06,-0.04,1.02,0.00,0.12,-0.79,
1783262289.741,11.998,straight,-1.58,-3.66,-45.28,0.04,1.02,0.80,1,0.06,-0.03,1.02,0.30,-0.30,-0.67,
1783262289.761,12.018,straight,-1.58,-3.67,-45.30,0.04,1.01,0.93,1,0.07,-0.03,1.01,0.43,-0.24,-0.79,
1783262289.781,12.038,straight,-1.57,-3.68,-45.31,0.04,1.01,1.01,1,0.07,-0.03,1.01,0.55,0.00,-0.85,
1783262289.801,12.058,straight,-1.56,-3.67,-45.33,0.04,1.01,0.90,1,0.06,-0.03,1.01,0.61,0.24,-0.61,
1783262289.821,12.078,straight,-1.55,-3.67,-45.34,0.04,1.01,0.86,1,0.06,-0.03,1.01,0.73,-0.12,-0.43,
1783262289.841,12.098,straight,-1.54,-3.68,-45.34,0.04,1.01,0.89,1,0.07,-0.03,1.01,0.79,-0.18,-0.37,
1783262289.861,12.118,straight,-1.54,-3.69,-45.35,0.04,1.01,0.93,1,0.07,-0.04,1.01,0.79,-0.06,-0.49,
1783262289.881,12.138,straight,-1.53,-3.69,-45.37,0.04,1.01,1.13,1,0.07,-0.04,1.01,0.73,0.12,-0.85,
1783262289.901,12.158,straight,-1.52,-3.68,-45.39,0.04,1.01,1.46,1,0.07,-0.03,1.01,0.79,0.55,-1.10,
1783262289.921,12.178,straight,-1.51,-3.67,-45.41,0.04,1.01,1.54,1,0.07,-0.03,1.01,0.73,0.79,-1.10,
1783262289.941,12.198,straight,-1.49,-3.66,-45.43,0.04,1.01,1.41,1,0.07,-0.03,1.01,0.79,0.73,-0.91,
1783262289.961,12.218,straight,-1.48,-3.64,-45.45,0.04,1.02,1.46,1,0.07,-0.03,1.01,0.49,0.98,-0.98,
1783262289.981,12.238,straight,-1.48,-3.63,-45.48,0.04,1.01,1.59,1,0.07,-0.03,1.01,0.49,0.98,-1.16,
1783262290.001,12.258,straight,-1.47,-3.61,-45.50,0.00,1.01,1.66,1,0.06,-0.03,1.01,0.43,1.04,-1.22,
1783262290.021,12.278,straight,-1.45,-3.58,-45.52,0.00,1.02,1.69,1,0.06,-0.03,1.01,0.61,1.28,-0.91,
1783262290.041,12.298,straight,-1.43,-3.56,-45.54,0.00,1.02,1.42,1,0.06,-0.02,1.01,0.73,0.98,-0.73,
1783262290.061,12.318,straight,-1.42,-3.54,-45.55,0.00,1.01,1.23,1,0.07,-0.02,1.01,0.43,0.98,-0.61,
1783262290.081,12.338,straight,-1.42,-3.52,-45.56,0.00,1.02,1.12,1,0.06,-0.03,1.01,0.00,0.98,-0.55,
1783262290.101,12.358,straight,-1.44,-3.50,-45.58,0.01,1.02,1.22,0,0.05,-0.04,1.02,0.00,0.98,-0.73,
1783262290.121,12.378,straight,-1.44,-3.48,-45.59,0.01,1.03,1.03,1,0.06,-0.03,1.02,0.30,0.49,-0.85,
1783262290.142,12.399,straight,-1.42,-3.49,-45.61,0.01,1.01,1.29,1,0.07,-0.02,1.01,0.37,0.67,-1.04,
1783262290.161,12.418,straight,-1.41,-3.48,-45.63,0.01,1.01,1.50,1,0.08,-0.02,1.00,0.06,1.34,-0.67,
1783262290.181,12.438,straight,-1.40,-3.44,-45.63,0.01,1.01,2.09,1,0.06,-0.02,1.01,0.00,2.07,-0.24,
1783262290.201,12.458,straight,-1.41,-3.40,-45.63,0.01,1.01,1.95,1,0.06,-0.03,1.01,0.00,1.95,0.00,
1783262290.221,12.478,straight,-1.42,-3.36,-45.64,0.02,1.01,1.70,1,0.06,-0.04,1.01,0.18,1.65,-0.37,
1783262290.241,12.498,straight,-1.44,-3.33,-45.66,0.02,1.01,1.58,1,0.06,-0.04,1.01,0.00,1.40,-0.73,
1783262290.261,12.518,straight,-1.43,-3.31,-45.68,0.02,1.02,1.87,1,0.07,-0.03,1.01,0.12,1.59,-0.98,
1783262290.281,12.538,straight,-1.43,-3.27,-45.70,0.02,1.02,2.18,1,0.06,-0.02,1.02,0.12,1.95,-0.98,
1783262290.301,12.558,straight,-1.42,-3.23,-45.71,0.02,1.03,1.91,0,0.06,-0.02,1.03,0.24,1.83,-0.49,
1783262290.321,12.578,straight,-1.41,-3.21,-45.72,0.03,1.02,1.53,1,0.06,-0.02,1.02,0.30,1.46,-0.30,
1783262290.341,12.598,straight,-1.40,-3.18,-45.71,0.03,1.02,1.27,1,0.06,-0.02,1.01,0.24,1.22,0.24,
1783262290.361,12.618,straight,-1.39,-3.16,-45.71,0.03,1.01,1.25,1,0.06,-0.02,1.01,0.30,1.16,0.37,
1783262290.381,12.638,straight,-1.40,-3.14,-45.70,0.03,1.02,1.13,1,0.06,-0.03,1.02,0.30,0.98,0.49,
1783262290.401,12.658,straight,-1.40,-3.12,-45.69,0.04,1.02,1.18,1,0.06,-0.03,1.01,0.37,1.04,0.43,
1783262290.421,12.678,straight,-1.39,-3.10,-45.68,0.04,1.02,1.19,1,0.06,-0.03,1.01,0.55,1.04,0.18,
1783262290.441,12.698,straight,-1.38,-3.08,-45.68,0.04,1.02,1.08,1,0.06,-0.02,1.01,0.49,0.91,0.30,
1783262290.461,12.718,straight,-1.37,-3.07,-45.67,0.04,1.02,1.20,1,0.06,-0.02,1.02,0.49,1.04,0.37,
1783262290.481,12.738,straight,-1.37,-3.06,-45.66,0.04,1.02,1.21,1,0.06,-0.03,1.02,0.37,0.98,0.61,
1783262290.501,12.758,straight,-1.36,-3.04,-45.64,0.05,1.02,1.45,1,0.05,-0.03,1.02,0.43,1.04,0.91,
1783262290.521,12.778,straight,-1.35,-3.02,-45.62,0.05,1.02,1.69,1,0.06,-0.03,1.02,0.67,1.04,1.16,
1783262290.541,12.798,straight,-1.35,-3.00,-45.60,0.05,1.02,1.26,1,0.05,-0.03,1.02,0.37,0.85,0.85,
1783262290.561,12.818,straight,-1.36,-2.99,-45.59,0.05,1.01,1.25,1,0.06,-0.03,1.01,0.43,0.91,0.73,
1783262290.581,12.838,straight,-1.36,-2.97,-45.58,0.05,1.01,1.13,1,0.06,-0.03,1.01,0.30,0.98,0.49,
1783262290.601,12.858,straight,-1.36,-2.95,-45.57,0.06,1.02,1.35,1,0.05,-0.04,1.02,0.67,0.91,0.73,
1783262290.621,12.878,straight,-1.35,-2.94,-45.55,0.06,1.02,1.45,1,0.05,-0.03,1.02,0.98,0.73,0.79,
1783262290.641,12.898,straight,-1.35,-2.93,-45.54,0.06,1.01,1.18,1,0.06,-0.03,1.01,0.61,0.91,0.43,
1783262290.661,12.918,straight,-1.36,-2.91,-45.54,0.07,1.02,1.27,0,0.05,-0.04,1.02,0.37,1.22,0.06,
1783262290.681,12.938,straight,-1.38,-2.88,-45.55,0.07,1.02,1.31,0,0.05,-0.05,1.02,0.43,1.22,-0.24,
1783262290.701,12.958,straight,-1.37,-2.87,-45.55,0.08,1.02,1.18,1,0.05,-0.03,1.02,0.73,0.85,-0.37,
1783262290.721,12.978,straight,-1.36,-2.86,-45.56,0.08,1.01,1.26,1,0.06,-0.02,1.01,0.61,1.04,-0.37,
1783262290.741,12.998,straight,-1.34,-2.84,-45.57,0.08,1.01,1.69,1,0.06,-0.02,1.01,0.55,1.59,-0.18,
1783262290.761,13.018,straight,-1.34,-2.80,-45.57,0.08,1.02,1.97,1,0.04,-0.03,1.02,0.55,1.89,0.00,
1783262290.781,13.038,straight,-1.35,-2.75,-45.56,0.09,1.02,1.68,0,0.04,-0.04,1.02,0.67,1.52,0.18,
1783262290.801,13.058,straight,-1.35,-2.72,-45.57,0.09,1.02,1.26,0,0.04,-0.04,1.02,0.79,0.91,-0.37,
1783262290.821,13.078,straight,-1.35,-2.71,-45.59,0.09,1.02,1.32,1,0.04,-0.04,1.02,0.73,0.37,-1.04,
1783262290.841,13.098,straight,-1.34,-2.71,-45.62,0.10,1.02,1.56,1,0.05,-0.03,1.02,0.79,0.06,-1.34,
1783262290.861,13.118,straight,-1.33,-2.70,-45.64,0.10,1.02,1.45,1,0.05,-0.03,1.02,0.85,0.43,-1.10,
1783262290.881,13.138,straight,-1.30,-2.70,-45.65,0.11,1.02,1.17,1,0.05,-0.02,1.02,1.04,0.06,-0.55,
1783262290.901,13.158,straight,-1.28,-2.70,-45.66,0.11,1.01,1.18,1,0.05,-0.02,1.01,1.04,0.37,-0.43,
1783262290.921,13.178,straight,-1.27,-2.69,-45.67,0.11,1.01,1.31,1,0.05,-0.02,1.01,0.79,0.85,-0.61,
1783262290.941,13.198,straight,-1.26,-2.67,-45.69,0.10,1.02,1.41,1,0.05,-0.03,1.01,0.67,1.04,-0.67,
1783262290.961,13.218,straight,-1.25,-2.65,-45.69,0.10,1.02,1.11,1,0.04,-0.02,1.02,0.79,0.73,-0.24,
1783262290.981,13.238,straight,-1.23,-2.63,-45.70,0.10,1.01,0.90,1,0.05,-0.02,1.01,0.61,0.61,-0.24,
1783262291.001,13.258,straight,-1.22,-2.62,-45.70,0.10,1.01,0.96,1,0.05,-0.02,1.01,0.43,0.85,-0.12,
1783262291.021,13.278,straight,-1.22,-2.61,-45.71,0.10,1.01,1.40,1,0.06,-0.02,1.01,0.43,1.28,-0.37,
1783262291.041,13.298,straight,-1.22,-2.57,-45.72,0.10,1.02,1.75,1,0.04,-0.03,1.01,0.30,1.59,-0.67,
1783262291.061,13.318,straight,-1.21,-2.54,-45.74,0.10,1.02,1.73,1,0.04,-0.02,1.02,0.43,1.59,-0.55,
1783262291.081,13.338,straight,-1.20,-2.51,-45.74,0.10,1.02,1.84,1,0.04,-0.02,1.02,0.61,1.71,-0.30,
1783262291.101,13.358,straight,-1.19,-2.47,-45.74,0.11,1.02,1.64,1,0.04,-0.02,1.02,0.43,1.59,-0.06,
1783262291.121,13.378,straight,-1.18,-2.44,-45.74,0.11,1.02,1.78,1,0.04,-0.02,1.02,0.49,1.71,0.12,
1783262291.141,13.398,straight,-1.17,-2.40,-45.74,0.12,1.03,1.58,0,0.03,-0.02,1.03,0.30,1.52,0.30,
1783262291.161,13.418,straight,-1.17,-2.36,-45.73,0.12,1.02,1.22,1,0.03,-0.02,1.02,0.12,1.16,0.37,
1783262291.181,13.438,straight,-1.16,-2.33,-45.72,0.12,1.02,1.02,1,0.03,-0.02,1.02,0.12,0.91,0.43,
1783262291.201,13.458,straight,-1.17,-2.32,-45.72,0.13,1.02,0.80,1,0.04,-0.03,1.02,0.06,0.73,0.30,
1783262291.221,13.478,straight,-1.19,-2.31,-45.71,0.13,1.02,0.72,1,0.04,-0.03,1.02,-0.12,0.67,0.24,
1783262291.241,13.498,straight,-1.19,-2.30,-45.71,0.13,1.01,0.93,1,0.05,-0.02,1.01,-0.18,0.91,0.06,
1783262291.261,13.518,straight,-1.21,-2.27,-45.71,0.13,1.02,1.03,1,0.04,-0.03,1.02,-0.43,0.91,0.18,
1783262291.281,13.538,straight,-1.22,-2.25,-45.71,0.14,1.02,0.74,1,0.03,-0.04,1.02,-0.06,0.73,0.06,
1783262291.301,13.558,straight,-1.22,-2.26,-45.71,0.14,1.02,0.44,1,0.05,-0.02,1.01,0.30,0.30,0.06,
1783262291.321,13.578,straight,-1.20,-2.26,-45.69,0.14,1.01,1.09,1,0.06,-0.01,1.01,0.30,0.85,0.61,
1783262291.341,13.598,straight,-1.19,-2.24,-45.67,0.14,1.01,2.08,1,0.05,-0.02,1.01,0.00,1.77,1.10,
1783262291.361,13.618,straight,-1.21,-2.19,-45.65,0.14,1.02,2.48,1,0.03,-0.03,1.02,-0.18,2.07,1.34,
1783262291.381,13.638,straight,-1.23,-2.14,-45.63,0.15,1.03,1.74,0,0.02,-0.04,1.03,-0.12,1.34,1.10,
1783262291.401,13.658,straight,-1.25,-2.12,-45.61,0.15,1.02,0.67,0,0.02,-0.04,1.02,0.12,0.37,0.55,
1783262291.421,13.678,straight,-1.25,-2.12,-45.62,0.15,1.01,0.36,1,0.04,-0.03,1.01,0.06,0.18,-0.30,
1783262291.441,13.698,straight,-1.26,-2.13,-45.64,0.15,1.01,0.91,1,0.05,-0.02,1.01,-0.24,0.49,-0.73,
1783262291.461,13.718,straight,-1.27,-2.11,-45.64,0.16,1.02,0.88,1,0.03,-0.02,1.02,-0.24,0.73,-0.43,
1783262291.481,13.738,straight,-1.26,-2.09,-45.64,0.16,1.03,0.46,0,0.03,-0.03,1.03,0.24,0.24,0.30,
1783262291.502,13.759,straight,-1.26,-2.09,-45.62,0.16,1.02,1.09,1,0.04,-0.02,1.02,0.30,-0.12,1.04,
1783262291.521,13.778,straight,-1.26,-2.10,-45.60,0.16,1.01,1.20,1,0.04,-0.03,1.01,0.49,0.06,1.10,
1783262291.541,13.798,straight,-1.27,-2.10,-45.58,0.16,1.02,0.92,1,0.04,-0.04,1.02,0.37,0.43,0.73,
1783262291.561,13.818,straight,-1.28,-2.08,-45.58,0.17,1.02,0.55,0,0.03,-0.04,1.02,0.37,0.37,0.18,
1783262291.581,13.838,straight,-1.28,-2.07,-45.59,0.17,1.02,0.61,1,0.03,-0.03,1.02,0.37,0.06,-0.49,
1783262291.602,13.859,straight,-1.28,-2.07,-45.60,0.17,1.01,0.86,1,0.04,-0.03,1.01,0.43,-0.12,-0.73,
1783262291.621,13.878,straight,-1.29,-2.07,-45.62,0.17,1.01,1.00,1,0.04,-0.03,1.01,0.18,0.12,-0.98,
1783262291.641,13.898,straight,-1.28,-2.08,-45.64,0.17,1.02,1.22,1,0.04,-0.03,1.02,0.30,0.24,-1.16,
1783262291.661,13.918,straight,-1.28,-2.08,-45.67,0.17,1.02,1.31,1,0.04,-0.03,1.01,0.37,0.49,-1.16,
1783262291.681,13.938,straight,-1.28,-2.07,-45.68,0.17,1.02,0.99,1,0.04,-0.03,1.02,0.49,0.55,-0.67,
1783262291.701,13.958,straight,-1.26,-2.05,-45.70,0.18,1.02,1.08,1,0.03,-0.03,1.01,0.79,0.30,-0.67,
1783262291.721,13.978,straight,-1.25,-2.04,-45.71,0.17,1.02,1.06,1,0.03,-0.02,1.02,0.85,0.12,-0.61,
1783262291.741,13.998,straight,-1.23,-2.05,-45.72,0.17,1.02,1.21,1,0.04,-0.02,1.01,0.85,-0.06,-0.85,
1783262291.761,14.018,straight,-1.22,-2.05,-45.74,0.17,1.01,1.19,1,0.04,-0.03,1.01,0.67,0.37,-0.91,
1783262291.781,14.038,straight,-1.21,-2.04,-45.76,0.17,1.01,1.29,1,0.04,-0.02,1.01,0.73,0.55,-0.91,
1783262291.801,14.058,straight,-1.20,-2.02,-45.78,0.17,1.01,1.31,1,0.03,-0.03,1.01,0.73,0.85,-0.67,
1783262291.821,14.078,straight,-1.19,-1.99,-45.79,0.18,1.02,1.39,1,0.03,-0.03,1.02,0.98,0.85,-0.49,
1783262291.841,14.098,straight,-1.17,-1.98,-45.79,0.18,1.02,1.05,1,0.03,-0.02,1.02,0.91,0.30,-0.43,
1783262291.861,14.118,straight,-1.16,-1.99,-45.81,0.18,1.01,1.22,1,0.04,-0.02,1.01,0.85,0.18,-0.85,
1783262291.881,14.138,straight,-1.16,-1.99,-45.84,0.18,1.02,1.59,0,0.04,-0.04,1.02,0.91,0.24,-1.28,
1783262291.901,14.158,straight,-1.16,-1.99,-45.87,0.19,1.03,1.91,0,0.03,-0.04,1.03,1.28,0.24,-1.40,
1783262291.921,14.178,straight,-1.11,-1.96,-45.89,0.20,1.06,1.93,0,0.00,-0.01,1.06,1.28,-0.37,-1.40,
1783262291.941,14.198,straight,-1.06,-1.93,-45.89,0.22,1.10,2.71,0,-0.04,0.01,1.09,1.04,-2.50,-0.06,
1783262291.961,14.218,straight,-1.01,-1.99,-45.85,0.23,1.08,7.15,0,-0.03,0.02,1.08,1.04,-6.83,1.83,
1783262291.981,14.238,straight,-0.96,-2.18,-45.79,0.24,1.03,10.13,0,0.04,0.00,1.03,1.10,-9.57,3.11,
1783262292.001,14.258,straight,-0.97,-2.43,-45.73,0.23,0.99,8.60,0,0.11,-0.03,0.99,0.49,-8.05,2.99,
1783262292.021,14.278,straight,-1.01,-2.58,-45.69,0.23,0.99,3.92,0,0.11,-0.06,0.98,0.61,-3.54,1.59,
1783262292.041,14.298,straight,-1.03,-2.63,-45.69,0.23,1.00,1.55,0,0.07,-0.04,1.00,0.67,-1.40,0.00,
1783262292.061,14.318,straight,-1.04,-2.65,-45.72,0.23,1.00,2.02,1,0.03,-0.03,1.00,-0.12,-1.65,-1.16,
1783262292.081,14.338,straight,-1.07,-2.68,-45.75,0.23,0.99,3.13,0,0.04,-0.03,0.99,-0.79,-2.26,-2.01,
1783262292.101,14.358,straight,-1.10,-2.76,-45.81,0.22,0.98,3.65,0,0.07,-0.04,0.97,-1.04,-2.01,-2.87,
1783262292.121,14.378,straight,-1.13,-2.80,-45.89,0.22,0.98,3.89,0,0.08,-0.03,0.98,-0.85,-0.30,-3.78,
1783262292.141,14.398,straight,-1.13,-2.81,-45.96,0.22,0.99,3.85,0,0.06,-0.01,0.99,-0.61,0.79,-3.72,
1783262292.161,14.418,straight,-1.10,-2.79,-46.02,0.22,1.01,3.06,0,0.05,0.01,1.00,-0.61,1.22,-2.74,
1783262292.181,14.439,straight,-1.08,-2.78,-46.04,0.22,1.00,1.53,1,0.06,0.01,1.00,-0.55,1.04,-0.98,
1783262292.201,14.458,straight,-1.09,-2.76,-46.03,0.21,0.99,1.84,1,0.07,-0.02,0.99,-0.43,1.71,0.55,
1783262292.221,14.478,straight,-1.11,-2.73,-46.00,0.21,1.00,3.26,0,0.07,-0.03,0.99,-0.18,2.99,1.28,
1783262292.241,14.498,straight,-1.13,-2.66,-45.99,0.22,1.01,4.20,0,0.06,-0.04,1.01,-0.24,4.15,0.61,
1783262292.261,14.518,straight,-1.17,-2.56,-46.00,0.22,1.02,4.68,0,0.04,-0.04,1.02,-0.49,4.63,-0.43,
1783262292.281,14.538,straight,-1.20,-2.45,-46.04,0.23,1.03,4.26,0,0.02,-0.04,1.03,-0.49,3.90,-1.65,
1783262292.301,14.558,straight,-1.22,-2.37,-46.09,0.23,1.03,3.96,0,0.02,-0.04,1.03,-0.49,2.87,-2.68,
1783262292.321,14.578,straight,-1.22,-2.33,-46.15,0.24,1.04,3.38,0,0.04,-0.02,1.04,-0.24,1.95,-2.74,
1783262292.341,14.598,straight,-1.22,-2.30,-46.19,0.24,1.03,2.84,0,0.04,-0.02,1.03,-0.18,1.71,-2.26,
1783262292.361,14.618,straight,-1.21,-2.29,-46.23,0.25,1.02,2.05,1,0.05,-0.01,1.02,-0.12,1.22,-1.65,
1783262292.381,14.638,straight,-1.20,-2.27,-46.24,0.24,1.01,1.48,1,0.05,-0.01,1.01,-0.06,1.28,-0.73,
1783262292.401,14.658,straight,-1.19,-2.26,-46.24,0.24,1.01,1.47,1,0.05,-0.02,1.01,0.12,1.46,0.00,
1783262292.421,14.678,straight,-1.19,-2.22,-46.23,0.25,1.02,1.91,1,0.04,-0.02,1.02,0.12,1.83,0.55,
1783262292.441,14.698,straight,-1.18,-2.18,-46.22,0.25,1.02,1.95,1,0.03,-0.02,1.02,0.24,1.77,0.79,
1783262292.461,14.718,straight,-1.17,-2.15,-46.19,0.25,1.02,1.79,1,0.04,-0.01,1.02,0.30,1.22,1.28,
1783262292.481,14.738,straight,-1.18,-2.14,-46.17,0.25,1.01,1.61,1,0.04,-0.03,1.01,0.18,1.10,1.16,
1783262292.501,14.759,straight,-1.20,-2.12,-46.15,0.26,1.02,1.43,0,0.04,-0.04,1.02,0.00,1.10,0.91,
1783262292.521,14.778,straight,-1.21,-2.11,-46.14,0.26,1.03,1.15,0,0.04,-0.04,1.02,0.43,0.91,0.55,
1783262292.541,14.798,straight,-1.20,-2.10,-46.13,0.26,1.02,1.07,1,0.05,-0.02,1.02,0.43,0.91,0.37,
1783262292.561,14.818,straight,-1.19,-2.09,-46.13,0.26,1.01,1.07,1,0.05,-0.02,1.01,0.37,0.91,0.43,
1783262292.581,14.838,straight,-1.19,-2.08,-46.11,0.26,1.01,1.60,1,0.05,-0.02,1.01,0.24,1.46,0.61,
1783262292.601,14.858,straight,-1.20,-2.05,-46.10,0.26,1.02,1.80,1,0.04,-0.03,1.01,0.37,1.46,0.98,
1783262292.621,14.878,straight,-1.20,-2.02,-46.07,0.27,1.02,1.72,1,0.03,-0.03,1.02,0.61,0.98,1.28,
1783262292.641,14.898,straight,-1.20,-2.01,-46.05,0.27,1.02,1.40,1,0.04,-0.03,1.02,0.55,0.67,1.10,
1783262292.661,14.918,straight,-1.20,-2.01,-46.03,0.27,1.01,1.08,1,0.04,-0.03,1.01,0.43,0.67,0.73,
1783262292.681,14.938,straight,-1.21,-1.98,-46.03,0.27,1.02,1.29,1,0.04,-0.03,1.02,0.18,1.22,0.37,
1783262292.701,14.958,straight,-1.21,-1.96,-46.02,0.27,1.02,1.20,1,0.03,-0.03,1.02,0.43,1.10,0.24,
1783262292.721,14.978,straight,-1.22,-1.95,-46.02,0.28,1.02,0.72,1,0.04,-0.03,1.02,0.24,0.67,0.06,
1783262292.741,14.998,straight,-1.21,-1.94,-46.02,0.28,1.02,0.56,1,0.04,-0.03,1.02,0.37,0.43,0.00,
1783262292.761,15.018,straight,-1.22,-1.93,-46.02,0.28,1.02,0.88,1,0.04,-0.03,1.02,0.43,0.67,0.37,
